2026-09-17 19:48:58,967 INFO Start logging
2026-09-17 19:48:58,972 INFO train: 1628
2026-09-17 19:48:58,973 INFO val: 220
2026-09-17 19:48:58,973 INFO Building data loader with 4 workers
2026-09-17 19:48:58,973 INFO TaxoSafe loaders: ['train', 'val_known']
2026-09-17 19:49:19,586 INFO === train epoch 0 ===
2026-09-17 19:49:19,587 INFO Average train loss: 3.0221065318584444
2026-09-17 19:49:19,587 INFO Average train acc: 22.6875
2026-09-17 19:49:19,587 INFO Average train loss_ndtl: 2.17448381125927
2026-09-17 19:49:19,587 INFO Average train loss_ncl: 1.1281255035847426
2026-09-17 19:49:19,587 INFO Average train loss_cons: 0.09603116383776068
2026-09-17 19:49:19,587 INFO Average train loss_rank: 0.08538251012563705
2026-09-17 19:49:19,587 INFO Average train loss_child_known: 0.026429497078061102
2026-09-17 19:49:19,587 INFO Average train loss_child_novel: 0.005022099502384663
2026-09-17 19:49:19,587 INFO Average train loss_pceg: 0.025048918882384898
2026-09-17 19:49:19,587 INFO Average train rank_branch_count: 1.34
2026-09-17 19:49:19,588 INFO Average train loss_root: 0.007652758928015828
2026-09-17 19:49:19,588 INFO Average train loss_oe: 0.0
2026-09-17 19:49:19,588 INFO Average train loss_local_unknown: 0.9605226863175631
2026-09-17 19:49:19,588 INFO Average train loss_tax_contrast: 1.438110330104828
2026-09-17 19:49:19,588 INFO Average train loss_sibling_boundary: 0.0
2026-09-17 19:49:19,588 INFO Average train sibling_boundary_pair_count: 0.0
2026-09-17 19:49:19,589 INFO Average train sibling_boundary_margin: 0
2026-09-17 19:49:19,589 INFO Average train root_known_score: 0.2820838010311127
2026-09-17 19:49:19,589 INFO Average train known_child_score: 0.2752775888890028
2026-09-17 19:49:19,589 INFO Average train pseudo_child_score: 0.2781655321270227
2026-09-17 19:49:19,589 INFO Average train pseudo_pceg: 0.015377209056168795
2026-09-17 19:49:19,589 INFO Average train local_known_margin: 0.15566096750088035
2026-09-17 19:49:19,589 INFO Average train local_pseudo_margin: 2.099243359565735
2026-09-17 19:49:19,589 INFO Average train novelty_weight_scale: 0.20000000000000015
2026-09-17 19:49:19,589 INFO Average train parent_acc: 53.3125
2026-09-17 19:49:19,589 INFO Average train leaf_acc: 22.6875
2026-09-17 19:49:19,589 INFO Average train open_acc: 40.125
2026-09-17 19:49:19,589 INFO Average train consistency: 13.4375
2026-09-17 19:49:19,589 INFO Average train pseudo_rate: 33.5
2026-09-17 19:49:19,589 INFO ======
2026-09-17 19:49:22,552 INFO === val epoch 0 ===
2026-09-17 19:49:22,553 INFO Average val loss: 3.377415076169101
2026-09-17 19:49:22,553 INFO Average val acc: 23.6363637750799
2026-09-17 19:49:22,553 INFO Average val loss_parent: 1.4572542103854094
2026-09-17 19:49:22,553 INFO Average val loss_leaf: 2.6487879395484923
2026-09-17 19:49:22,554 INFO Average val parent_acc: 43.6363637750799
2026-09-17 19:49:22,554 INFO Average val leaf_acc: 23.6363637750799
2026-09-17 19:49:22,554 INFO Average val consistency: 12.727272865988992
2026-09-17 19:49:22,554 INFO Average val local_known_acceptance: 73.18181818181819
2026-09-17 19:49:22,554 INFO ======
2026-09-17 19:49:22,554 INFO Best result: -inf; epoch result: 23.6363637750799
2026-09-17 19:49:23,071 INFO ======
2026-09-17 19:49:41,524 INFO === train epoch 1 ===
2026-09-17 19:49:41,524 INFO Average train loss: 2.813556341826916
2026-09-17 19:49:41,524 INFO Average train acc: 31.75
2026-09-17 19:49:41,525 INFO Average train loss_ndtl: 1.834819010347128
2026-09-17 19:49:41,525 INFO Average train loss_ncl: 0.9446336700022221
2026-09-17 19:49:41,525 INFO Average train loss_cons: 0.11578188822604715
2026-09-17 19:49:41,525 INFO Average train loss_rank: 0.06256777012720705
2026-09-17 19:49:41,525 INFO Average train loss_child_known: 0.03710377423092723
2026-09-17 19:49:41,525 INFO Average train loss_child_novel: 0.0024639277160167696
2026-09-17 19:49:41,525 INFO Average train loss_pceg: 0.023558277720585465
2026-09-17 19:49:41,526 INFO Average train rank_branch_count: 1.265
2026-09-17 19:49:41,526 INFO Average train loss_root: 0.022257346464321016
2026-09-17 19:49:41,526 INFO Average train loss_oe: 0.0
2026-09-17 19:49:41,526 INFO Average train loss_local_unknown: 0.8201595734525472
2026-09-17 19:49:41,526 INFO Average train loss_tax_contrast: 1.4998237824440002
2026-09-17 19:49:41,526 INFO Average train loss_sibling_boundary: 0.0
2026-09-17 19:49:41,526 INFO Average train sibling_boundary_pair_count: 0.0
2026-09-17 19:49:41,526 INFO Average train sibling_boundary_margin: 0
2026-09-17 19:49:41,527 INFO Average train root_known_score: 0.26582973174750807
2026-09-17 19:49:41,527 INFO Average train known_child_score: 0.2672384862601757
2026-09-17 19:49:41,527 INFO Average train pseudo_child_score: 0.24258077420294286
2026-09-17 19:49:41,527 INFO Average train pseudo_pceg: 0.017377942372113465
2026-09-17 19:49:41,527 INFO Average train local_known_margin: 1.209457848505117
2026-09-17 19:49:41,527 INFO Average train local_pseudo_margin: 2.1409513294696807
2026-09-17 19:49:41,527 INFO Average train novelty_weight_scale: 0.4000000000000003
2026-09-17 19:49:41,527 INFO Average train parent_acc: 54.3125
2026-09-17 19:49:41,527 INFO Average train leaf_acc: 31.75
2026-09-17 19:49:41,527 INFO Average train open_acc: 50.5
2026-09-17 19:49:41,527 INFO Average train consistency: 21.5
2026-09-17 19:49:41,527 INFO Average train pseudo_rate: 31.625
2026-09-17 19:49:41,527 INFO ======
2026-09-17 19:49:44,488 INFO === val epoch 1 ===
2026-09-17 19:49:44,488 INFO Average val loss: 2.6161434309049088
2026-09-17 19:49:44,488 INFO Average val acc: 43.18181818181818
2026-09-17 19:49:44,488 INFO Average val loss_parent: 0.8831858223812147
2026-09-17 19:49:44,489 INFO Average val loss_leaf: 2.1745505133813077
2026-09-17 19:49:44,489 INFO Average val parent_acc: 76.81818181818181
2026-09-17 19:49:44,489 INFO Average val leaf_acc: 43.18181818181818
2026-09-17 19:49:44,489 INFO Average val consistency: 39.09090909090909
2026-09-17 19:49:44,489 INFO Average val local_known_acceptance: 81.36363636363636
2026-09-17 19:49:44,489 INFO ======
2026-09-17 19:49:44,489 INFO Best result: 23.6363637750799; epoch result: 43.18181818181818
2026-09-17 19:49:49,881 INFO ======
2026-09-17 19:50:08,613 INFO === train epoch 2 ===
2026-09-17 19:50:08,614 INFO Average train loss: 1.994710389599204
2026-09-17 19:50:08,614 INFO Average train acc: 49.4375
2026-09-17 19:50:08,614 INFO Average train loss_ndtl: 1.0679973225295543
2026-09-17 19:50:08,614 INFO Average train loss_ncl: 0.6964848879445344
2026-09-17 19:50:08,614 INFO Average train loss_cons: 0.0981669758586213
2026-09-17 19:50:08,615 INFO Average train loss_rank: 0.06675313403829933
2026-09-17 19:50:08,615 INFO Average train loss_child_known: 0.018299891464412212
2026-09-17 19:50:08,615 INFO Average train loss_child_novel: 0.004917975962162018
2026-09-17 19:50:08,616 INFO Average train loss_pceg: 0.012007183451205493
2026-09-17 19:50:08,616 INFO Average train rank_branch_count: 1.36
2026-09-17 19:50:08,616 INFO Average train loss_root: 0.00618061238899827
2026-09-17 19:50:08,616 INFO Average train loss_oe: 0.0
2026-09-17 19:50:08,616 INFO Average train loss_local_unknown: 0.5682477670209483
2026-09-17 19:50:08,616 INFO Average train loss_tax_contrast: 1.4113992959260941
2026-09-17 19:50:08,616 INFO Average train loss_sibling_boundary: 0.0
2026-09-17 19:50:08,616 INFO Average train sibling_boundary_pair_count: 0.0
2026-09-17 19:50:08,616 INFO Average train sibling_boundary_margin: 0
2026-09-17 19:50:08,616 INFO Average train root_known_score: 0.2933382724225521
2026-09-17 19:50:08,616 INFO Average train known_child_score: 0.29083357483148575
2026-09-17 19:50:08,617 INFO Average train pseudo_child_score: 0.27056456260383127
2026-09-17 19:50:08,617 INFO Average train pseudo_pceg: 0.033967714309692386
2026-09-17 19:50:08,617 INFO Average train local_known_margin: 3.142526520714164
2026-09-17 19:50:08,617 INFO Average train local_pseudo_margin: 3.3109148812294005
2026-09-17 19:50:08,617 INFO Average train novelty_weight_scale: 0.5999999999999979
2026-09-17 19:50:08,617 INFO Average train parent_acc: 79.8125
2026-09-17 19:50:08,617 INFO Average train leaf_acc: 49.4375
2026-09-17 19:50:08,617 INFO Average train open_acc: 71.125
2026-09-17 19:50:08,617 INFO Average train consistency: 42.3125
2026-09-17 19:50:08,617 INFO Average train pseudo_rate: 34.0
2026-09-17 19:50:08,617 INFO ======
2026-09-17 19:50:11,579 INFO === val epoch 2 ===
2026-09-17 19:50:11,579 INFO Average val loss: 1.8368938005783342
2026-09-17 19:50:11,580 INFO Average val acc: 47.72727272727273
2026-09-17 19:50:11,581 INFO Average val loss_parent: 0.6089108187027953
2026-09-17 19:50:11,581 INFO Average val loss_leaf: 1.532438397678462
2026-09-17 19:50:11,581 INFO Average val parent_acc: 80.45454545454545
2026-09-17 19:50:11,581 INFO Average val leaf_acc: 47.72727272727273
2026-09-17 19:50:11,581 INFO Average val consistency: 42.27272727272727
2026-09-17 19:50:11,581 INFO Average val local_known_acceptance: 77.27272727272727
2026-09-17 19:50:11,581 INFO ======
2026-09-17 19:50:11,581 INFO Best result: 43.18181818181818; epoch result: 47.72727272727273
2026-09-17 19:50:16,980 INFO ======
2026-09-17 19:50:35,483 INFO === train epoch 3 ===
2026-09-17 19:50:35,484 INFO Average train loss: 1.4948810897767544
2026-09-17 19:50:35,484 INFO Average train acc: 69.375
2026-09-17 19:50:35,484 INFO Average train loss_ndtl: 0.6667048329953105
2026-09-17 19:50:35,485 INFO Average train loss_ncl: 0.42254395987605675
2026-09-17 19:50:35,485 INFO Average train loss_cons: 0.08742958953604102
2026-09-17 19:50:35,485 INFO Average train loss_rank: 0.0587491387873888
2026-09-17 19:50:35,485 INFO Average train loss_child_known: 0.016130868894979358
2026-09-17 19:50:35,485 INFO Average train loss_child_novel: 0.004868821762502193
2026-09-17 19:50:35,485 INFO Average train loss_pceg: 0.008839866062626243
2026-09-17 19:50:35,485 INFO Average train rank_branch_count: 1.33
2026-09-17 19:50:35,485 INFO Average train loss_root: 0.005830455897375941
2026-09-17 19:50:35,485 INFO Average train loss_oe: 0.0
2026-09-17 19:50:35,485 INFO Average train loss_local_unknown: 0.36455040106491654
2026-09-17 19:50:35,486 INFO Average train loss_tax_contrast: 1.4931503373384476
2026-09-17 19:50:35,486 INFO Average train loss_sibling_boundary: 0.0
2026-09-17 19:50:35,486 INFO Average train sibling_boundary_pair_count: 0.0
2026-09-17 19:50:35,486 INFO Average train sibling_boundary_margin: 0
2026-09-17 19:50:35,486 INFO Average train root_known_score: 0.2928275500237942
2026-09-17 19:50:35,487 INFO Average train known_child_score: 0.29346131041646006
2026-09-17 19:50:35,487 INFO Average train pseudo_child_score: 0.26880892358720304
2026-09-17 19:50:35,487 INFO Average train pseudo_pceg: 0.03780955135822296
2026-09-17 19:50:35,487 INFO Average train local_known_margin: 4.984705304801464
2026-09-17 19:50:35,487 INFO Average train local_pseudo_margin: 3.8260145497322084
2026-09-17 19:50:35,487 INFO Average train novelty_weight_scale: 0.8000000000000006
2026-09-17 19:50:35,487 INFO Average train parent_acc: 87.5
2026-09-17 19:50:35,487 INFO Average train leaf_acc: 69.375
2026-09-17 19:50:35,487 INFO Average train open_acc: 82.0
2026-09-17 19:50:35,487 INFO Average train consistency: 62.75
2026-09-17 19:50:35,487 INFO Average train pseudo_rate: 33.25
2026-09-17 19:50:35,487 INFO ======
2026-09-17 19:50:38,443 INFO === val epoch 3 ===
2026-09-17 19:50:38,444 INFO Average val loss: 1.5461959295990793
2026-09-17 19:50:38,444 INFO Average val acc: 61.81818181818182
2026-09-17 19:50:38,444 INFO Average val loss_parent: 0.5868184339085764
2026-09-17 19:50:38,444 INFO Average val loss_leaf: 1.2527867159298198
2026-09-17 19:50:38,444 INFO Average val parent_acc: 77.27272727272727
2026-09-17 19:50:38,445 INFO Average val leaf_acc: 61.81818181818182
2026-09-17 19:50:38,445 INFO Average val consistency: 52.72727272727273
2026-09-17 19:50:38,445 INFO Average val local_known_acceptance: 93.63636363636364
2026-09-17 19:50:38,445 INFO ======
2026-09-17 19:50:38,445 INFO Best result: 47.72727272727273; epoch result: 61.81818181818182
2026-09-17 19:50:43,624 INFO ======
2026-09-17 19:51:02,354 INFO === train epoch 4 ===
2026-09-17 19:51:02,354 INFO Average train loss: 1.6818925641477107
2026-09-17 19:51:02,355 INFO Average train acc: 68.5625
2026-09-17 19:51:02,355 INFO Average train loss_ndtl: 0.7009263120219111
2026-09-17 19:51:02,355 INFO Average train loss_ncl: 0.3702170414396096
2026-09-17 19:51:02,355 INFO Average train loss_cons: 0.06907349713379517
2026-09-17 19:51:02,355 INFO Average train loss_rank: 0.04099880488589406
2026-09-17 19:51:02,356 INFO Average train loss_child_known: 0.015198468565940856
2026-09-17 19:51:02,356 INFO Average train loss_child_novel: 0.003792657740414143
2026-09-17 19:51:02,356 INFO Average train loss_pceg: 0.009186116894707084
2026-09-17 19:51:02,356 INFO Average train rank_branch_count: 1.325
2026-09-17 19:51:02,356 INFO Average train loss_root: 0.008421889282763004
2026-09-17 19:51:02,356 INFO Average train loss_oe: 0.0
2026-09-17 19:51:02,356 INFO Average train loss_local_unknown: 0.3870645778556354
2026-09-17 19:51:02,357 INFO Average train loss_tax_contrast: 1.5387932634353638
2026-09-17 19:51:02,357 INFO Average train loss_sibling_boundary: 0.0
2026-09-17 19:51:02,357 INFO Average train sibling_boundary_pair_count: 0.0
2026-09-17 19:51:02,357 INFO Average train sibling_boundary_margin: 0
2026-09-17 19:51:02,357 INFO Average train root_known_score: 0.2871550142765045
2026-09-17 19:51:02,357 INFO Average train known_child_score: 0.29469963505864144
2026-09-17 19:51:02,357 INFO Average train pseudo_child_score: 0.25111544229090216
2026-09-17 19:51:02,357 INFO Average train pseudo_pceg: 0.03962528251111507
2026-09-17 19:51:02,357 INFO Average train local_known_margin: 3.469426105208695
2026-09-17 19:51:02,357 INFO Average train local_pseudo_margin: 3.691345200538635
2026-09-17 19:51:02,357 INFO Average train novelty_weight_scale: 1.0
2026-09-17 19:51:02,357 INFO Average train parent_acc: 84.4375
2026-09-17 19:51:02,357 INFO Average train leaf_acc: 68.5625
2026-09-17 19:51:02,357 INFO Average train open_acc: 79.75
2026-09-17 19:51:02,358 INFO Average train consistency: 60.4375
2026-09-17 19:51:02,358 INFO Average train pseudo_rate: 33.125
2026-09-17 19:51:02,358 INFO ======
2026-09-17 19:51:05,348 INFO === val epoch 4 ===
2026-09-17 19:51:05,348 INFO Average val loss: 1.3202070181681351
2026-09-17 19:51:05,349 INFO Average val acc: 67.72727272727273
2026-09-17 19:51:05,349 INFO Average val loss_parent: 0.48704281764274293
2026-09-17 19:51:05,349 INFO Average val loss_leaf: 1.0766856116496704
2026-09-17 19:51:05,350 INFO Average val parent_acc: 82.27272727272727
2026-09-17 19:51:05,350 INFO Average val leaf_acc: 67.72727272727273
2026-09-17 19:51:05,350 INFO Average val consistency: 58.63636363636363
2026-09-17 19:51:05,350 INFO Average val local_known_acceptance: 72.27272727272727
2026-09-17 19:51:05,350 INFO ======
2026-09-17 19:51:05,350 INFO Best result: 61.81818181818182; epoch result: 67.72727272727273
2026-09-17 19:51:10,230 INFO ======
2026-09-17 19:51:29,209 INFO === train epoch 5 ===
2026-09-17 19:51:29,210 INFO Average train loss: 1.2812906554341317
2026-09-17 19:51:29,210 INFO Average train acc: 77.625
2026-09-17 19:51:29,210 INFO Average train loss_ndtl: 0.499095651821699
2026-09-17 19:51:29,211 INFO Average train loss_ncl: 0.2651554470695555
2026-09-17 19:51:29,211 INFO Average train loss_cons: 0.06745803877449362
2026-09-17 19:51:29,211 INFO Average train loss_rank: 0.034592207502573726
2026-09-17 19:51:29,212 INFO Average train loss_child_known: 0.008210214851424098
2026-09-17 19:51:29,212 INFO Average train loss_child_novel: 0.004329629838466644
2026-09-17 19:51:29,212 INFO Average train loss_pceg: 0.0038246490247547628
2026-09-17 19:51:29,212 INFO Average train rank_branch_count: 1.33
2026-09-17 19:51:29,212 INFO Average train loss_root: 0.004344770666211844
2026-09-17 19:51:29,212 INFO Average train loss_oe: 0.0
2026-09-17 19:51:29,212 INFO Average train loss_local_unknown: 0.25308564662875144
2026-09-17 19:51:29,212 INFO Average train loss_tax_contrast: 1.506072275042534
2026-09-17 19:51:29,212 INFO Average train loss_sibling_boundary: 0.0
2026-09-17 19:51:29,212 INFO Average train sibling_boundary_pair_count: 0.0
2026-09-17 19:51:29,213 INFO Average train sibling_boundary_margin: 0
2026-09-17 19:51:29,213 INFO Average train root_known_score: 0.30404675334692
2026-09-17 19:51:29,213 INFO Average train known_child_score: 0.30914431050419805
2026-09-17 19:51:29,213 INFO Average train pseudo_child_score: 0.2612693114578724
2026-09-17 19:51:29,213 INFO Average train pseudo_pceg: 0.05486920202150941
2026-09-17 19:51:29,213 INFO Average train local_known_margin: 4.411749833226204
2026-09-17 19:51:29,213 INFO Average train local_pseudo_margin: 4.1364675116539
2026-09-17 19:51:29,213 INFO Average train novelty_weight_scale: 1.0
2026-09-17 19:51:29,213 INFO Average train parent_acc: 88.625
2026-09-17 19:51:29,213 INFO Average train leaf_acc: 77.625
2026-09-17 19:51:29,213 INFO Average train open_acc: 86.1875
2026-09-17 19:51:29,213 INFO Average train consistency: 70.8125
2026-09-17 19:51:29,213 INFO Average train pseudo_rate: 33.25
2026-09-17 19:51:29,213 INFO ======
2026-09-17 19:51:32,177 INFO === val epoch 5 ===
2026-09-17 19:51:32,178 INFO Average val loss: 1.1509435977448117
2026-09-17 19:51:32,178 INFO Average val acc: 74.0909090909091
2026-09-17 19:51:32,178 INFO Average val loss_parent: 0.5143299181860956
2026-09-17 19:51:32,178 INFO Average val loss_leaf: 0.8937786436555061
2026-09-17 19:51:32,178 INFO Average val parent_acc: 83.63636363636364
2026-09-17 19:51:32,178 INFO Average val leaf_acc: 74.0909090909091
2026-09-17 19:51:32,178 INFO Average val consistency: 65.0
2026-09-17 19:51:32,179 INFO Average val local_known_acceptance: 85.9090909090909
2026-09-17 19:51:32,179 INFO ======
2026-09-17 19:51:32,179 INFO Best result: 67.72727272727273; epoch result: 74.0909090909091
2026-09-17 19:51:37,741 INFO ======
2026-09-17 19:51:56,290 INFO === train epoch 6 ===
2026-09-17 19:51:56,290 INFO Average train loss: 1.108101127296686
2026-09-17 19:51:56,291 INFO Average train acc: 87.9375
2026-09-17 19:51:56,291 INFO Average train loss_ndtl: 0.3917644593631849
2026-09-17 19:51:56,291 INFO Average train loss_ncl: 0.18332310880883596
2026-09-17 19:51:56,291 INFO Average train loss_cons: 0.05255551240319619
2026-09-17 19:51:56,291 INFO Average train loss_rank: 0.0364046136662364
2026-09-17 19:51:56,291 INFO Average train loss_child_known: 0.009544377969577909
2026-09-17 19:51:56,291 INFO Average train loss_child_novel: 0.004845556989312172
2026-09-17 19:51:56,292 INFO Average train loss_pceg: 0.0040403455775231125
2026-09-17 19:51:56,292 INFO Average train rank_branch_count: 1.365
2026-09-17 19:51:56,292 INFO Average train loss_root: 0.006150455549359322
2026-09-17 19:51:56,292 INFO Average train loss_oe: 0.0
2026-09-17 19:51:56,292 INFO Average train loss_local_unknown: 0.22043143239323398
2026-09-17 19:51:56,292 INFO Average train loss_tax_contrast: 1.5378863739967346
2026-09-17 19:51:56,292 INFO Average train loss_sibling_boundary: 0.0
2026-09-17 19:51:56,292 INFO Average train sibling_boundary_pair_count: 0.0
2026-09-17 19:51:56,292 INFO Average train sibling_boundary_margin: 0
2026-09-17 19:51:56,293 INFO Average train root_known_score: 0.29623153157532217
2026-09-17 19:51:56,293 INFO Average train known_child_score: 0.3071478073298931
2026-09-17 19:51:56,293 INFO Average train pseudo_child_score: 0.2568921785056591
2026-09-17 19:51:56,293 INFO Average train pseudo_pceg: 0.05388391787186265
2026-09-17 19:51:56,293 INFO Average train local_known_margin: 4.871061647236347
2026-09-17 19:51:56,293 INFO Average train local_pseudo_margin: 4.635455224514008
2026-09-17 19:51:56,293 INFO Average train novelty_weight_scale: 1.0
2026-09-17 19:51:56,293 INFO Average train parent_acc: 92.4375
2026-09-17 19:51:56,293 INFO Average train leaf_acc: 87.9375
2026-09-17 19:51:56,293 INFO Average train open_acc: 89.1875
2026-09-17 19:51:56,293 INFO Average train consistency: 83.1875
2026-09-17 19:51:56,293 INFO Average train pseudo_rate: 34.125
2026-09-17 19:51:56,293 INFO ======
2026-09-17 19:51:59,248 INFO === val epoch 6 ===
2026-09-17 19:51:59,248 INFO Average val loss: 0.944442394849929
2026-09-17 19:51:59,249 INFO Average val acc: 75.9090909090909
2026-09-17 19:51:59,249 INFO Average val loss_parent: 0.3916593198495155
2026-09-17 19:51:59,249 INFO Average val loss_leaf: 0.7486127241429957
2026-09-17 19:51:59,249 INFO Average val parent_acc: 85.0
2026-09-17 19:51:59,249 INFO Average val leaf_acc: 75.9090909090909
2026-09-17 19:51:59,249 INFO Average val consistency: 68.63636363636364
2026-09-17 19:51:59,250 INFO Average val local_known_acceptance: 85.45454545454545
2026-09-17 19:51:59,250 INFO ======
2026-09-17 19:51:59,250 INFO Best result: 74.0909090909091; epoch result: 75.9090909090909
2026-09-17 19:52:04,411 INFO ======
2026-09-17 19:52:22,794 INFO === train epoch 7 ===
2026-09-17 19:52:22,794 INFO Average train loss: 1.068767647743225
2026-09-17 19:52:22,794 INFO Average train acc: 82.875
2026-09-17 19:52:22,795 INFO Average train loss_ndtl: 0.38291363049298527
2026-09-17 19:52:22,795 INFO Average train loss_ncl: 0.22205570928694215
2026-09-17 19:52:22,795 INFO Average train loss_cons: 0.07147651156934444
2026-09-17 19:52:22,796 INFO Average train loss_rank: 0.03272813128307462
2026-09-17 19:52:22,796 INFO Average train loss_child_known: 0.012664682203903795
2026-09-17 19:52:22,796 INFO Average train loss_child_novel: 0.0027048952132463456
2026-09-17 19:52:22,796 INFO Average train loss_pceg: 0.004605169361457229
2026-09-17 19:52:22,796 INFO Average train rank_branch_count: 1.355
2026-09-17 19:52:22,796 INFO Average train loss_root: 0.0077683745604008436
2026-09-17 19:52:22,796 INFO Average train loss_oe: 0.0
2026-09-17 19:52:22,797 INFO Average train loss_local_unknown: 0.1864923181704944
2026-09-17 19:52:22,797 INFO Average train loss_tax_contrast: 1.4716421806812285
2026-09-17 19:52:22,797 INFO Average train loss_sibling_boundary: 0.0
2026-09-17 19:52:22,797 INFO Average train sibling_boundary_pair_count: 0.0
2026-09-17 19:52:22,797 INFO Average train sibling_boundary_margin: 0
2026-09-17 19:52:22,797 INFO Average train root_known_score: 0.2902788962423801
2026-09-17 19:52:22,797 INFO Average train known_child_score: 0.2988610410690308
2026-09-17 19:52:22,797 INFO Average train pseudo_child_score: 0.25005299001932146
2026-09-17 19:52:22,797 INFO Average train pseudo_pceg: 0.05220705943182111
2026-09-17 19:52:22,797 INFO Average train local_known_margin: 6.067702598571778
2026-09-17 19:52:22,797 INFO Average train local_pseudo_margin: 4.912590925693512
2026-09-17 19:52:22,797 INFO Average train novelty_weight_scale: 1.0
2026-09-17 19:52:22,797 INFO Average train parent_acc: 89.6875
2026-09-17 19:52:22,798 INFO Average train leaf_acc: 82.875
2026-09-17 19:52:22,798 INFO Average train open_acc: 88.3125
2026-09-17 19:52:22,798 INFO Average train consistency: 76.3125
2026-09-17 19:52:22,798 INFO Average train pseudo_rate: 33.875
2026-09-17 19:52:22,798 INFO ======
2026-09-17 19:52:25,753 INFO === val epoch 7 ===
2026-09-17 19:52:25,753 INFO Average val loss: 0.8048548565330831
2026-09-17 19:52:25,753 INFO Average val acc: 75.45454545454545
2026-09-17 19:52:25,753 INFO Average val loss_parent: 0.1802394215864214
2026-09-17 19:52:25,754 INFO Average val loss_leaf: 0.7147351539101113
2026-09-17 19:52:25,754 INFO Average val parent_acc: 93.63636363636364
2026-09-17 19:52:25,754 INFO Average val leaf_acc: 75.45454545454545
2026-09-17 19:52:25,754 INFO Average val consistency: 71.81818181818181
2026-09-17 19:52:25,754 INFO Average val local_known_acceptance: 77.72727272727273
2026-09-17 19:52:25,754 INFO ======
2026-09-17 19:52:25,754 INFO Best result: 75.9090909090909; epoch result: 75.45454545454545
2026-09-17 19:52:28,400 INFO ======
2026-09-17 19:52:46,915 INFO === train epoch 8 ===
2026-09-17 19:52:46,915 INFO Average train loss: 1.0369234634935856
2026-09-17 19:52:46,915 INFO Average train acc: 84.9375
2026-09-17 19:52:46,916 INFO Average train loss_ndtl: 0.36281939992215484
2026-09-17 19:52:46,916 INFO Average train loss_ncl: 0.1748147239885293
2026-09-17 19:52:46,916 INFO Average train loss_cons: 0.055798357476014644
2026-09-17 19:52:46,917 INFO Average train loss_rank: 0.041140978969633576
2026-09-17 19:52:46,917 INFO Average train loss_child_known: 0.01240088856779039
2026-09-17 19:52:46,917 INFO Average train loss_child_novel: 0.007530560940504074
2026-09-17 19:52:46,917 INFO Average train loss_pceg: 0.0046384100336581465
2026-09-17 19:52:46,917 INFO Average train rank_branch_count: 1.34
2026-09-17 19:52:46,917 INFO Average train loss_root: 0.008808935629203915
2026-09-17 19:52:46,917 INFO Average train loss_oe: 0.0
2026-09-17 19:52:46,918 INFO Average train loss_local_unknown: 0.18682677224787766
2026-09-17 19:52:46,918 INFO Average train loss_tax_contrast: 1.505240060687065
2026-09-17 19:52:46,918 INFO Average train loss_sibling_boundary: 0.0
2026-09-17 19:52:46,918 INFO Average train sibling_boundary_pair_count: 0.0
2026-09-17 19:52:46,918 INFO Average train sibling_boundary_margin: 0
2026-09-17 19:52:46,918 INFO Average train root_known_score: 0.2914117559790611
2026-09-17 19:52:46,918 INFO Average train known_child_score: 0.3007579440623522
2026-09-17 19:52:46,918 INFO Average train pseudo_child_score: 0.25262643456459044
2026-09-17 19:52:46,918 INFO Average train pseudo_pceg: 0.05718669762834907
2026-09-17 19:52:46,918 INFO Average train local_known_margin: 5.797694050073623
2026-09-17 19:52:46,918 INFO Average train local_pseudo_margin: 5.39344943523407
2026-09-17 19:52:46,918 INFO Average train novelty_weight_scale: 1.0
2026-09-17 19:52:46,918 INFO Average train parent_acc: 91.6875
2026-09-17 19:52:46,919 INFO Average train leaf_acc: 84.9375
2026-09-17 19:52:46,919 INFO Average train open_acc: 89.75
2026-09-17 19:52:46,919 INFO Average train consistency: 79.375
2026-09-17 19:52:46,919 INFO Average train pseudo_rate: 33.5
2026-09-17 19:52:46,919 INFO ======
2026-09-17 19:52:49,878 INFO === val epoch 8 ===
2026-09-17 19:52:49,878 INFO Average val loss: 0.6415909864685753
2026-09-17 19:52:49,879 INFO Average val acc: 83.63636363636364
2026-09-17 19:52:49,879 INFO Average val loss_parent: 0.2586963893337683
2026-09-17 19:52:49,879 INFO Average val loss_leaf: 0.5122427987781438
2026-09-17 19:52:49,879 INFO Average val parent_acc: 89.09090936834161
2026-09-17 19:52:49,879 INFO Average val leaf_acc: 83.63636363636364
2026-09-17 19:52:49,879 INFO Average val consistency: 76.81818209561435
2026-09-17 19:52:49,879 INFO Average val local_known_acceptance: 80.9090909090909
2026-09-17 19:52:49,879 INFO ======
2026-09-17 19:52:49,879 INFO Best result: 75.9090909090909; epoch result: 83.63636363636364
2026-09-17 19:52:54,925 INFO ======
2026-09-17 19:53:13,258 INFO === train epoch 9 ===
2026-09-17 19:53:13,258 INFO Average train loss: 0.913821026980877
2026-09-17 19:53:13,258 INFO Average train acc: 92.625
2026-09-17 19:53:13,258 INFO Average train loss_ndtl: 0.2926178247714415
2026-09-17 19:53:13,258 INFO Average train loss_ncl: 0.18490409852121956
2026-09-17 19:53:13,259 INFO Average train loss_cons: 0.05554738162492868
2026-09-17 19:53:13,259 INFO Average train loss_rank: 0.029950549826025963
2026-09-17 19:53:13,259 INFO Average train loss_child_known: 0.008074676357209683
2026-09-17 19:53:13,259 INFO Average train loss_child_novel: 0.0023464692756533624
2026-09-17 19:53:13,259 INFO Average train loss_pceg: 0.002631104094907641
2026-09-17 19:53:13,260 INFO Average train rank_branch_count: 1.33
2026-09-17 19:53:13,260 INFO Average train loss_root: 0.005132236890494824
2026-09-17 19:53:13,260 INFO Average train loss_oe: 0.0
2026-09-17 19:53:13,260 INFO Average train loss_local_unknown: 0.16365257599929464
2026-09-17 19:53:13,260 INFO Average train loss_tax_contrast: 1.3940913182497026
2026-09-17 19:53:13,260 INFO Average train loss_sibling_boundary: 0.0
2026-09-17 19:53:13,260 INFO Average train sibling_boundary_pair_count: 0.0
2026-09-17 19:53:13,260 INFO Average train sibling_boundary_margin: 0
2026-09-17 19:53:13,260 INFO Average train root_known_score: 0.3005914330482483
2026-09-17 19:53:13,260 INFO Average train known_child_score: 0.3095934522151947
2026-09-17 19:53:13,260 INFO Average train pseudo_child_score: 0.2542549832910299
2026-09-17 19:53:13,260 INFO Average train pseudo_pceg: 0.05692206084728241
2026-09-17 19:53:13,260 INFO Average train local_known_margin: 5.687758476734161
2026-09-17 19:53:13,261 INFO Average train local_pseudo_margin: 4.954210290908813
2026-09-17 19:53:13,261 INFO Average train novelty_weight_scale: 1.0
2026-09-17 19:53:13,261 INFO Average train parent_acc: 93.1875
2026-09-17 19:53:13,261 INFO Average train leaf_acc: 92.625
2026-09-17 19:53:13,261 INFO Average train open_acc: 91.6875
2026-09-17 19:53:13,261 INFO Average train consistency: 87.75
2026-09-17 19:53:13,261 INFO Average train pseudo_rate: 33.25
2026-09-17 19:53:13,261 INFO ======
2026-09-17 19:53:16,215 INFO === val epoch 9 ===
2026-09-17 19:53:16,215 INFO Average val loss: 0.7186850259927187
2026-09-17 19:53:16,215 INFO Average val acc: 80.9090909090909
2026-09-17 19:53:16,215 INFO Average val loss_parent: 0.38875261260704563
2026-09-17 19:53:16,215 INFO Average val loss_leaf: 0.5243087113072926
2026-09-17 19:53:16,216 INFO Average val parent_acc: 89.0909090909091
2026-09-17 19:53:16,216 INFO Average val leaf_acc: 80.9090909090909
2026-09-17 19:53:16,216 INFO Average val consistency: 75.9090909090909
2026-09-17 19:53:16,216 INFO Average val local_known_acceptance: 95.0
2026-09-17 19:53:16,216 INFO ======
2026-09-17 19:53:16,216 INFO Best result: 83.63636363636364; epoch result: 80.9090909090909
2026-09-17 19:53:19,245 INFO ======
2026-09-17 19:53:38,025 INFO === train epoch 10 ===
2026-09-17 19:53:38,026 INFO Average train loss: 0.8723623491823673
2026-09-17 19:53:38,026 INFO Average train acc: 92.9375
2026-09-17 19:53:38,026 INFO Average train loss_ndtl: 0.27260839194990694
2026-09-17 19:53:38,026 INFO Average train loss_ncl: 0.18810180542757735
2026-09-17 19:53:38,026 INFO Average train loss_cons: 0.049617273219628256
2026-09-17 19:53:38,026 INFO Average train loss_rank: 0.03202960785478354
2026-09-17 19:53:38,026 INFO Average train loss_child_known: 0.00477768319658935
2026-09-17 19:53:38,026 INFO Average train loss_child_novel: 0.00468060314655304
2026-09-17 19:53:38,026 INFO Average train loss_pceg: 0.0020207760948687792
2026-09-17 19:53:38,026 INFO Average train rank_branch_count: 1.375
2026-09-17 19:53:38,027 INFO Average train loss_root: 0.0037919066846370695
2026-09-17 19:53:38,027 INFO Average train loss_oe: 0.0
2026-09-17 19:53:38,027 INFO Average train loss_local_unknown: 0.14554037905851147
2026-09-17 19:53:38,027 INFO Average train loss_tax_contrast: 1.3728517585992812
2026-09-17 19:53:38,027 INFO Average train loss_sibling_boundary: 0.0
2026-09-17 19:53:38,027 INFO Average train sibling_boundary_pair_count: 0.0
2026-09-17 19:53:38,027 INFO Average train sibling_boundary_margin: 0
2026-09-17 19:53:38,027 INFO Average train root_known_score: 0.30713401958346365
2026-09-17 19:53:38,027 INFO Average train known_child_score: 0.316685658544302
2026-09-17 19:53:38,027 INFO Average train pseudo_child_score: 0.26741744942963125
2026-09-17 19:53:38,027 INFO Average train pseudo_pceg: 0.058961812779307364
2026-09-17 19:53:38,027 INFO Average train local_known_margin: 5.830477389097214
2026-09-17 19:53:38,027 INFO Average train local_pseudo_margin: 5.622703719139099
2026-09-17 19:53:38,028 INFO Average train novelty_weight_scale: 1.0
2026-09-17 19:53:38,028 INFO Average train parent_acc: 93.8125
2026-09-17 19:53:38,028 INFO Average train leaf_acc: 92.9375
2026-09-17 19:53:38,028 INFO Average train open_acc: 92.375
2026-09-17 19:53:38,028 INFO Average train consistency: 88.625
2026-09-17 19:53:38,028 INFO Average train pseudo_rate: 34.375
2026-09-17 19:53:38,028 INFO ======
2026-09-17 19:53:40,976 INFO === val epoch 10 ===
2026-09-17 19:53:40,976 INFO Average val loss: 0.7262004963376305
2026-09-17 19:53:40,976 INFO Average val acc: 82.72727272727273
2026-09-17 19:53:40,976 INFO Average val loss_parent: 0.38245912261984566
2026-09-17 19:53:40,976 INFO Average val loss_leaf: 0.5349709423936226
2026-09-17 19:53:40,977 INFO Average val parent_acc: 87.72727272727273
2026-09-17 19:53:40,977 INFO Average val leaf_acc: 82.72727272727273
2026-09-17 19:53:40,977 INFO Average val consistency: 75.9090909090909
2026-09-17 19:53:40,977 INFO Average val local_known_acceptance: 95.45454545454545
2026-09-17 19:53:40,977 INFO ======
2026-09-17 19:53:40,977 INFO Best result: 83.63636363636364; epoch result: 82.72727272727273
2026-09-17 19:53:43,633 INFO ======
2026-09-17 19:54:02,357 INFO === train epoch 11 ===
2026-09-17 19:54:02,357 INFO Average train loss: 1.0148947191238404
2026-09-17 19:54:02,357 INFO Average train acc: 90.0625
2026-09-17 19:54:02,358 INFO Average train loss_ndtl: 0.3328307180991396
2026-09-17 19:54:02,358 INFO Average train loss_ncl: 0.15056930289996673
2026-09-17 19:54:02,358 INFO Average train loss_cons: 0.05271777611284051
2026-09-17 19:54:02,358 INFO Average train loss_rank: 0.034717028737068174
2026-09-17 19:54:02,359 INFO Average train loss_child_known: 0.0070273146033287045
2026-09-17 19:54:02,359 INFO Average train loss_child_novel: 0.005873660184442997
2026-09-17 19:54:02,359 INFO Average train loss_pceg: 0.005208812886849046
2026-09-17 19:54:02,359 INFO Average train rank_branch_count: 1.39
2026-09-17 19:54:02,360 INFO Average train loss_root: 0.004192123916000128
2026-09-17 19:54:02,360 INFO Average train loss_oe: 0.0
2026-09-17 19:54:02,360 INFO Average train loss_local_unknown: 0.21010977700469083
2026-09-17 19:54:02,360 INFO Average train loss_tax_contrast: 1.5087951242923736
2026-09-17 19:54:02,360 INFO Average train loss_sibling_boundary: 0.0
2026-09-17 19:54:02,360 INFO Average train sibling_boundary_pair_count: 0.0
2026-09-17 19:54:02,360 INFO Average train sibling_boundary_margin: 0
2026-09-17 19:54:02,361 INFO Average train root_known_score: 0.3003375191986561
2026-09-17 19:54:02,361 INFO Average train known_child_score: 0.3095024099946022
2026-09-17 19:54:02,361 INFO Average train pseudo_child_score: 0.2584017698466778
2026-09-17 19:54:02,361 INFO Average train pseudo_pceg: 0.051159403417259455
2026-09-17 19:54:02,361 INFO Average train local_known_margin: 5.0442189306020735
2026-09-17 19:54:02,361 INFO Average train local_pseudo_margin: 4.141596436500549
2026-09-17 19:54:02,361 INFO Average train novelty_weight_scale: 1.0
2026-09-17 19:54:02,361 INFO Average train parent_acc: 93.1875
2026-09-17 19:54:02,362 INFO Average train leaf_acc: 90.0625
2026-09-17 19:54:02,362 INFO Average train open_acc: 89.0625
2026-09-17 19:54:02,362 INFO Average train consistency: 85.0625
2026-09-17 19:54:02,362 INFO Average train pseudo_rate: 34.75
2026-09-17 19:54:02,362 INFO ======
2026-09-17 19:54:05,311 INFO === val epoch 11 ===
2026-09-17 19:54:05,311 INFO Average val loss: 0.8209844008765438
2026-09-17 19:54:05,311 INFO Average val acc: 80.0
2026-09-17 19:54:05,311 INFO Average val loss_parent: 0.2903687943450429
2026-09-17 19:54:05,312 INFO Average val loss_leaf: 0.6758000006687573
2026-09-17 19:54:05,312 INFO Average val parent_acc: 90.9090909090909
2026-09-17 19:54:05,313 INFO Average val leaf_acc: 80.0
2026-09-17 19:54:05,313 INFO Average val consistency: 75.0
2026-09-17 19:54:05,313 INFO Average val local_known_acceptance: 87.72727272727273
2026-09-17 19:54:05,313 INFO ======
2026-09-17 19:54:05,313 INFO Best result: 83.63636363636364; epoch result: 80.0
2026-09-17 19:54:08,538 INFO ======
2026-09-17 19:54:26,890 INFO === train epoch 12 ===
2026-09-17 19:54:26,891 INFO Average train loss: 0.7619068621098996
2026-09-17 19:54:26,891 INFO Average train acc: 95.875
2026-09-17 19:54:26,891 INFO Average train loss_ndtl: 0.20101452457718552
2026-09-17 19:54:26,892 INFO Average train loss_ncl: 0.10702581551871844
2026-09-17 19:54:26,892 INFO Average train loss_cons: 0.032692413096956446
2026-09-17 19:54:26,893 INFO Average train loss_rank: 0.03195181075483561
2026-09-17 19:54:26,893 INFO Average train loss_child_known: 0.0062337427213788035
2026-09-17 19:54:26,893 INFO Average train loss_child_novel: 0.00607368603348732
2026-09-17 19:54:26,893 INFO Average train loss_pceg: 0.002216987507417798
2026-09-17 19:54:26,893 INFO Average train rank_branch_count: 1.235
2026-09-17 19:54:26,893 INFO Average train loss_root: 0.005312246466055512
2026-09-17 19:54:26,893 INFO Average train loss_oe: 0.0
2026-09-17 19:54:26,893 INFO Average train loss_local_unknown: 0.12261489158896438
2026-09-17 19:54:26,893 INFO Average train loss_tax_contrast: 1.47336512029171
2026-09-17 19:54:26,893 INFO Average train loss_sibling_boundary: 0.0
2026-09-17 19:54:26,893 INFO Average train sibling_boundary_pair_count: 0.0
2026-09-17 19:54:26,893 INFO Average train sibling_boundary_margin: 0
2026-09-17 19:54:26,893 INFO Average train root_known_score: 0.3011562420427799
2026-09-17 19:54:26,893 INFO Average train known_child_score: 0.310779594630003
2026-09-17 19:54:26,894 INFO Average train pseudo_child_score: 0.257287802323699
2026-09-17 19:54:26,894 INFO Average train pseudo_pceg: 0.06348808739334345
2026-09-17 19:54:26,894 INFO Average train local_known_margin: 6.057175315618515
2026-09-17 19:54:26,894 INFO Average train local_pseudo_margin: 5.3671288895607
2026-09-17 19:54:26,894 INFO Average train novelty_weight_scale: 1.0
2026-09-17 19:54:26,894 INFO Average train parent_acc: 95.4375
2026-09-17 19:54:26,894 INFO Average train leaf_acc: 95.875
2026-09-17 19:54:26,894 INFO Average train open_acc: 93.8125
2026-09-17 19:54:26,894 INFO Average train consistency: 92.6875
2026-09-17 19:54:26,894 INFO Average train pseudo_rate: 30.875
2026-09-17 19:54:26,894 INFO ======
2026-09-17 19:54:29,841 INFO === val epoch 12 ===
2026-09-17 19:54:29,841 INFO Average val loss: 0.9354600696401163
2026-09-17 19:54:29,841 INFO Average val acc: 78.63636363636364
2026-09-17 19:54:29,841 INFO Average val loss_parent: 0.3419786671345884
2026-09-17 19:54:29,841 INFO Average val loss_leaf: 0.7644707384328782
2026-09-17 19:54:29,841 INFO Average val parent_acc: 89.54545454545455
2026-09-17 19:54:29,841 INFO Average val leaf_acc: 78.63636363636364
2026-09-17 19:54:29,842 INFO Average val consistency: 72.27272727272727
2026-09-17 19:54:29,842 INFO Average val local_known_acceptance: 95.0
2026-09-17 19:54:29,842 INFO ======
2026-09-17 19:54:29,842 INFO Best result: 83.63636363636364; epoch result: 78.63636363636364
2026-09-17 19:54:33,038 INFO ======
2026-09-17 19:54:52,046 INFO === train epoch 13 ===
2026-09-17 19:54:52,047 INFO Average train loss: 0.8010982778668404
2026-09-17 19:54:52,047 INFO Average train acc: 94.4375
2026-09-17 19:54:52,047 INFO Average train loss_ndtl: 0.2363458110985812
2026-09-17 19:54:52,047 INFO Average train loss_ncl: 0.1198204213110148
2026-09-17 19:54:52,047 INFO Average train loss_cons: 0.04636746018091799
2026-09-17 19:54:52,047 INFO Average train loss_rank: 0.0231060647405684
2026-09-17 19:54:52,047 INFO Average train loss_child_known: 0.004200594155117869
2026-09-17 19:54:52,047 INFO Average train loss_child_novel: 0.003060829043388367
2026-09-17 19:54:52,048 INFO Average train loss_pceg: 0.002545404899865389
2026-09-17 19:54:52,048 INFO Average train rank_branch_count: 1.365
2026-09-17 19:54:52,048 INFO Average train loss_root: 0.0032200534269213677
2026-09-17 19:54:52,048 INFO Average train loss_oe: 0.0
2026-09-17 19:54:52,048 INFO Average train loss_local_unknown: 0.1225887567846803
2026-09-17 19:54:52,048 INFO Average train loss_tax_contrast: 1.474946683049202
2026-09-17 19:54:52,048 INFO Average train loss_sibling_boundary: 0.0
2026-09-17 19:54:52,048 INFO Average train sibling_boundary_pair_count: 0.0
2026-09-17 19:54:52,048 INFO Average train sibling_boundary_margin: 0
2026-09-17 19:54:52,048 INFO Average train root_known_score: 0.3047439830005169
2026-09-17 19:54:52,048 INFO Average train known_child_score: 0.31797279074788093
2026-09-17 19:54:52,048 INFO Average train pseudo_child_score: 0.2527228071540594
2026-09-17 19:54:52,049 INFO Average train pseudo_pceg: 0.0604973353818059
2026-09-17 19:54:52,049 INFO Average train local_known_margin: 5.770856248140335
2026-09-17 19:54:52,049 INFO Average train local_pseudo_margin: 4.948096250295639
2026-09-17 19:54:52,049 INFO Average train novelty_weight_scale: 1.0
2026-09-17 19:54:52,049 INFO Average train parent_acc: 93.25
2026-09-17 19:54:52,049 INFO Average train leaf_acc: 94.4375
2026-09-17 19:54:52,049 INFO Average train open_acc: 92.25
2026-09-17 19:54:52,049 INFO Average train consistency: 89.0
2026-09-17 19:54:52,049 INFO Average train pseudo_rate: 34.125
2026-09-17 19:54:52,049 INFO ======
2026-09-17 19:54:55,019 INFO === val epoch 13 ===
2026-09-17 19:54:55,019 INFO Average val loss: 0.7170180161525919
2026-09-17 19:54:55,019 INFO Average val acc: 80.45454545454545
2026-09-17 19:54:55,019 INFO Average val loss_parent: 0.29799663703888657
2026-09-17 19:54:55,020 INFO Average val loss_leaf: 0.5680197068955749
2026-09-17 19:54:55,020 INFO Average val parent_acc: 90.45454545454545
2026-09-17 19:54:55,020 INFO Average val leaf_acc: 80.45454545454545
2026-09-17 19:54:55,020 INFO Average val consistency: 77.72727272727273
2026-09-17 19:54:55,020 INFO Average val local_known_acceptance: 85.45454545454545
2026-09-17 19:54:55,020 INFO ======
2026-09-17 19:54:55,020 INFO Best result: 83.63636363636364; epoch result: 80.45454545454545
2026-09-17 19:54:57,638 INFO ======
2026-09-17 19:55:16,445 INFO === train epoch 14 ===
2026-09-17 19:55:16,446 INFO Average train loss: 0.7303240692615509
2026-09-17 19:55:16,446 INFO Average train acc: 95.625
2026-09-17 19:55:16,446 INFO Average train loss_ndtl: 0.21044504949473775
2026-09-17 19:55:16,446 INFO Average train loss_ncl: 0.09417937292018905
2026-09-17 19:55:16,447 INFO Average train loss_cons: 0.03157073365218821
2026-09-17 19:55:16,447 INFO Average train loss_rank: 0.01843341389670968
2026-09-17 19:55:16,447 INFO Average train loss_child_known: 0.0058698006998747585
2026-09-17 19:55:16,447 INFO Average train loss_child_novel: 0.0007981787994503975
2026-09-17 19:55:16,448 INFO Average train loss_pceg: 0.0016838037967681885
2026-09-17 19:55:16,448 INFO Average train rank_branch_count: 1.365
2026-09-17 19:55:16,448 INFO Average train loss_root: 0.0061852509342134
2026-09-17 19:55:16,448 INFO Average train loss_oe: 0.0
2026-09-17 19:55:16,448 INFO Average train loss_local_unknown: 0.09150989955836848
2026-09-17 19:55:16,448 INFO Average train loss_tax_contrast: 1.4838165050745011
2026-09-17 19:55:16,448 INFO Average train loss_sibling_boundary: 0.0
2026-09-17 19:55:16,448 INFO Average train sibling_boundary_pair_count: 0.0
2026-09-17 19:55:16,448 INFO Average train sibling_boundary_margin: 0
2026-09-17 19:55:16,448 INFO Average train root_known_score: 0.2939009380340576
2026-09-17 19:55:16,448 INFO Average train known_child_score: 0.3118187093734741
2026-09-17 19:55:16,449 INFO Average train pseudo_child_score: 0.23990814439952374
2026-09-17 19:55:16,449 INFO Average train pseudo_pceg: 0.06667061539366842
2026-09-17 19:55:16,449 INFO Average train local_known_margin: 6.045397392511368
2026-09-17 19:55:16,449 INFO Average train local_pseudo_margin: 6.054882271289825
2026-09-17 19:55:16,449 INFO Average train novelty_weight_scale: 1.0
2026-09-17 19:55:16,449 INFO Average train parent_acc: 95.4375
2026-09-17 19:55:16,449 INFO Average train leaf_acc: 95.625
2026-09-17 19:55:16,449 INFO Average train open_acc: 94.6875
2026-09-17 19:55:16,449 INFO Average train consistency: 92.375
2026-09-17 19:55:16,449 INFO Average train pseudo_rate: 34.125
2026-09-17 19:55:16,449 INFO ======
2026-09-17 19:55:19,405 INFO === val epoch 14 ===
2026-09-17 19:55:19,406 INFO Average val loss: 0.5980863402004947
2026-09-17 19:55:19,406 INFO Average val acc: 85.0
2026-09-17 19:55:19,406 INFO Average val loss_parent: 0.27101658414202656
2026-09-17 19:55:19,406 INFO Average val loss_leaf: 0.4625780549916354
2026-09-17 19:55:19,406 INFO Average val parent_acc: 90.45454545454545
2026-09-17 19:55:19,406 INFO Average val leaf_acc: 85.0
2026-09-17 19:55:19,407 INFO Average val consistency: 81.81818181818181
2026-09-17 19:55:19,407 INFO Average val local_known_acceptance: 87.27272727272727
2026-09-17 19:55:19,407 INFO ======
2026-09-17 19:55:19,407 INFO Best result: 83.63636363636364; epoch result: 85.0
2026-09-17 19:55:24,814 INFO ======
2026-09-17 19:55:43,305 INFO === train epoch 15 ===
2026-09-17 19:55:43,306 INFO Average train loss: 0.7529461450874806
2026-09-17 19:55:43,306 INFO Average train acc: 92.8125
2026-09-17 19:55:43,306 INFO Average train loss_ndtl: 0.21082445558859036
2026-09-17 19:55:43,306 INFO Average train loss_ncl: 0.09771738972864114
2026-09-17 19:55:43,307 INFO Average train loss_cons: 0.04492781256092712
2026-09-17 19:55:43,307 INFO Average train loss_rank: 0.023761551436036824
2026-09-17 19:55:43,307 INFO Average train loss_child_known: 0.007721325168386101
2026-09-17 19:55:43,307 INFO Average train loss_child_novel: 0.0029139338806271555
2026-09-17 19:55:43,307 INFO Average train loss_pceg: 0.002499919096007943
2026-09-17 19:55:43,307 INFO Average train rank_branch_count: 1.335
2026-09-17 19:55:43,307 INFO Average train loss_root: 0.0070998801104724405
2026-09-17 19:55:43,307 INFO Average train loss_oe: 0.0
2026-09-17 19:55:43,307 INFO Average train loss_local_unknown: 0.10960254451507354
2026-09-17 19:55:43,307 INFO Average train loss_tax_contrast: 1.4763128834962844
2026-09-17 19:55:43,307 INFO Average train loss_sibling_boundary: 0.0
2026-09-17 19:55:43,307 INFO Average train sibling_boundary_pair_count: 0.0
2026-09-17 19:55:43,307 INFO Average train sibling_boundary_margin: 0
2026-09-17 19:55:43,307 INFO Average train root_known_score: 0.29413101986050605
2026-09-17 19:55:43,308 INFO Average train known_child_score: 0.30960868567228317
2026-09-17 19:55:43,308 INFO Average train pseudo_child_score: 0.2419167932122946
2026-09-17 19:55:43,308 INFO Average train pseudo_pceg: 0.06265398582443595
2026-09-17 19:55:43,308 INFO Average train local_known_margin: 5.922066272497177
2026-09-17 19:55:43,308 INFO Average train local_pseudo_margin: 5.303162541389465
2026-09-17 19:55:43,308 INFO Average train novelty_weight_scale: 1.0
2026-09-17 19:55:43,308 INFO Average train parent_acc: 95.0
2026-09-17 19:55:43,308 INFO Average train leaf_acc: 92.8125
2026-09-17 19:55:43,308 INFO Average train open_acc: 94.375
2026-09-17 19:55:43,308 INFO Average train consistency: 88.9375
2026-09-17 19:55:43,308 INFO Average train pseudo_rate: 33.375
2026-09-17 19:55:43,308 INFO ======
2026-09-17 19:55:46,260 INFO === val epoch 15 ===
2026-09-17 19:55:46,260 INFO Average val loss: 0.5437296667390249
2026-09-17 19:55:46,261 INFO Average val acc: 84.0909090909091
2026-09-17 19:55:46,261 INFO Average val loss_parent: 0.19691123709251934
2026-09-17 19:55:46,261 INFO Average val loss_leaf: 0.44527404106814755
2026-09-17 19:55:46,261 INFO Average val parent_acc: 93.18181818181819
2026-09-17 19:55:46,262 INFO Average val leaf_acc: 84.0909090909091
2026-09-17 19:55:46,262 INFO Average val consistency: 80.0
2026-09-17 19:55:46,262 INFO Average val local_known_acceptance: 87.72727272727273
2026-09-17 19:55:46,262 INFO ======
2026-09-17 19:55:46,262 INFO Best result: 85.0; epoch result: 84.0909090909091
2026-09-17 19:55:49,193 INFO ======
2026-09-17 19:56:07,768 INFO === train epoch 16 ===
2026-09-17 19:56:07,768 INFO Average train loss: 0.7458497650921345
2026-09-17 19:56:07,769 INFO Average train acc: 94.0
2026-09-17 19:56:07,769 INFO Average train loss_ndtl: 0.20021551758400163
2026-09-17 19:56:07,769 INFO Average train loss_ncl: 0.0976681257088785
2026-09-17 19:56:07,770 INFO Average train loss_cons: 0.025739814274274977
2026-09-17 19:56:07,770 INFO Average train loss_rank: 0.030380910392850638
2026-09-17 19:56:07,770 INFO Average train loss_child_known: 0.006656902246177197
2026-09-17 19:56:07,770 INFO Average train loss_child_novel: 0.0038112105056643487
2026-09-17 19:56:07,770 INFO Average train loss_pceg: 0.004228403400629759
2026-09-17 19:56:07,770 INFO Average train rank_branch_count: 1.305
2026-09-17 19:56:07,770 INFO Average train loss_root: 0.006298294300213456
2026-09-17 19:56:07,770 INFO Average train loss_oe: 0.0
2026-09-17 19:56:07,770 INFO Average train loss_local_unknown: 0.11781357320025564
2026-09-17 19:56:07,771 INFO Average train loss_tax_contrast: 1.456563066840172
2026-09-17 19:56:07,771 INFO Average train loss_sibling_boundary: 0.0
2026-09-17 19:56:07,771 INFO Average train sibling_boundary_pair_count: 0.0
2026-09-17 19:56:07,771 INFO Average train sibling_boundary_margin: 0
2026-09-17 19:56:07,771 INFO Average train root_known_score: 0.2951124043762684
2026-09-17 19:56:07,771 INFO Average train known_child_score: 0.3099387869238853
2026-09-17 19:56:07,771 INFO Average train pseudo_child_score: 0.25241596668958666
2026-09-17 19:56:07,771 INFO Average train pseudo_pceg: 0.05564161092042923
2026-09-17 19:56:07,771 INFO Average train local_known_margin: 6.289140441417694
2026-09-17 19:56:07,771 INFO Average train local_pseudo_margin: 5.531247475147247
2026-09-17 19:56:07,771 INFO Average train novelty_weight_scale: 1.0
2026-09-17 19:56:07,771 INFO Average train parent_acc: 96.875
2026-09-17 19:56:07,771 INFO Average train leaf_acc: 94.0
2026-09-17 19:56:07,772 INFO Average train open_acc: 94.5
2026-09-17 19:56:07,772 INFO Average train consistency: 91.8125
2026-09-17 19:56:07,772 INFO Average train pseudo_rate: 32.625
2026-09-17 19:56:07,772 INFO ======
2026-09-17 19:56:10,731 INFO === val epoch 16 ===
2026-09-17 19:56:10,732 INFO Average val loss: 0.6282357369295576
2026-09-17 19:56:10,732 INFO Average val acc: 85.45454545454545
2026-09-17 19:56:10,732 INFO Average val loss_parent: 0.2696257622912526
2026-09-17 19:56:10,732 INFO Average val loss_leaf: 0.4934228595684875
2026-09-17 19:56:10,732 INFO Average val parent_acc: 90.9090909090909
2026-09-17 19:56:10,733 INFO Average val leaf_acc: 85.45454545454545
2026-09-17 19:56:10,733 INFO Average val consistency: 79.54545454545455
2026-09-17 19:56:10,733 INFO Average val local_known_acceptance: 87.27272727272727
2026-09-17 19:56:10,733 INFO ======
2026-09-17 19:56:10,733 INFO Best result: 85.0; epoch result: 85.45454545454545
2026-09-17 19:56:15,891 INFO ======
2026-09-17 19:56:34,760 INFO === train epoch 17 ===
2026-09-17 19:56:34,761 INFO Average train loss: 0.8058142632246017
2026-09-17 19:56:34,761 INFO Average train acc: 92.1875
2026-09-17 19:56:34,761 INFO Average train loss_ndtl: 0.22619991952669807
2026-09-17 19:56:34,761 INFO Average train loss_ncl: 0.09831914311216679
2026-09-17 19:56:34,761 INFO Average train loss_cons: 0.03822815496852854
2026-09-17 19:56:34,762 INFO Average train loss_rank: 0.03093866562470794
2026-09-17 19:56:34,762 INFO Average train loss_child_known: 0.0061054192017763855
2026-09-17 19:56:34,762 INFO Average train loss_child_novel: 0.00788457941263914
2026-09-17 19:56:34,762 INFO Average train loss_pceg: 0.0037121488712728024
2026-09-17 19:56:34,762 INFO Average train rank_branch_count: 1.39
2026-09-17 19:56:34,762 INFO Average train loss_root: 0.005102533278986811
2026-09-17 19:56:34,762 INFO Average train loss_oe: 0.0
2026-09-17 19:56:34,762 INFO Average train loss_local_unknown: 0.14508670436989632
2026-09-17 19:56:34,762 INFO Average train loss_tax_contrast: 1.4699792885780334
2026-09-17 19:56:34,762 INFO Average train loss_sibling_boundary: 0.0
2026-09-17 19:56:34,762 INFO Average train sibling_boundary_pair_count: 0.0
2026-09-17 19:56:34,762 INFO Average train sibling_boundary_margin: 0
2026-09-17 19:56:34,762 INFO Average train root_known_score: 0.2996584498882294
2026-09-17 19:56:34,763 INFO Average train known_child_score: 0.3117556142807007
2026-09-17 19:56:34,763 INFO Average train pseudo_child_score: 0.2540719999372959
2026-09-17 19:56:34,763 INFO Average train pseudo_pceg: 0.05345506310462952
2026-09-17 19:56:34,763 INFO Average train local_known_margin: 5.929861458539963
2026-09-17 19:56:34,763 INFO Average train local_pseudo_margin: 4.814755971431732
2026-09-17 19:56:34,763 INFO Average train novelty_weight_scale: 1.0
2026-09-17 19:56:34,763 INFO Average train parent_acc: 95.4375
2026-09-17 19:56:34,763 INFO Average train leaf_acc: 92.1875
2026-09-17 19:56:34,763 INFO Average train open_acc: 93.25
2026-09-17 19:56:34,763 INFO Average train consistency: 88.75
2026-09-17 19:56:34,763 INFO Average train pseudo_rate: 34.75
2026-09-17 19:56:34,763 INFO ======
2026-09-17 19:56:37,713 INFO === val epoch 17 ===
2026-09-17 19:56:37,713 INFO Average val loss: 0.6863654708320445
2026-09-17 19:56:37,714 INFO Average val acc: 78.63636391379616
2026-09-17 19:56:37,714 INFO Average val loss_parent: 0.24714557262645526
2026-09-17 19:56:37,714 INFO Average val loss_leaf: 0.5627926830541004
2026-09-17 19:56:37,714 INFO Average val parent_acc: 90.90909104780717
2026-09-17 19:56:37,715 INFO Average val leaf_acc: 78.63636391379616
2026-09-17 19:56:37,715 INFO Average val consistency: 75.45454545454545
2026-09-17 19:56:37,715 INFO Average val local_known_acceptance: 86.36363636363636
2026-09-17 19:56:37,715 INFO ======
2026-09-17 19:56:37,715 INFO Best result: 85.45454545454545; epoch result: 78.63636391379616
2026-09-17 19:56:40,327 INFO ======
2026-09-17 19:56:58,880 INFO === train epoch 18 ===
2026-09-17 19:56:58,881 INFO Average train loss: 0.5783525466918945
2026-09-17 19:56:58,881 INFO Average train acc: 97.125
2026-09-17 19:56:58,881 INFO Average train loss_ndtl: 0.14062889957102015
2026-09-17 19:56:58,881 INFO Average train loss_ncl: 0.08709872759172868
2026-09-17 19:56:58,882 INFO Average train loss_cons: 0.030506840695834397
2026-09-17 19:56:58,882 INFO Average train loss_rank: 0.021380960009992123
2026-09-17 19:56:58,882 INFO Average train loss_child_known: 0.009365781182423235
2026-09-17 19:56:58,882 INFO Average train loss_child_novel: 0.000463438592851162
2026-09-17 19:56:58,883 INFO Average train loss_pceg: 0.00028483618050813677
2026-09-17 19:56:58,883 INFO Average train rank_branch_count: 1.295
2026-09-17 19:56:58,883 INFO Average train loss_root: 0.008280370319262147
2026-09-17 19:56:58,883 INFO Average train loss_oe: 0.0
2026-09-17 19:56:58,883 INFO Average train loss_local_unknown: 0.07063674583780084
2026-09-17 19:56:58,883 INFO Average train loss_tax_contrast: 1.2490411019325256
2026-09-17 19:56:58,883 INFO Average train loss_sibling_boundary: 0.0
2026-09-17 19:56:58,883 INFO Average train sibling_boundary_pair_count: 0.0
2026-09-17 19:56:58,883 INFO Average train sibling_boundary_margin: 0
2026-09-17 19:56:58,883 INFO Average train root_known_score: 0.288619694262743
2026-09-17 19:56:58,884 INFO Average train known_child_score: 0.3036191254109144
2026-09-17 19:56:58,884 INFO Average train pseudo_child_score: 0.23426573157310485
2026-09-17 19:56:58,884 INFO Average train pseudo_pceg: 0.06909741297364234
2026-09-17 19:56:58,884 INFO Average train local_known_margin: 6.938820595741272
2026-09-17 19:56:58,884 INFO Average train local_pseudo_margin: 6.417802147865295
2026-09-17 19:56:58,884 INFO Average train novelty_weight_scale: 1.0
2026-09-17 19:56:58,884 INFO Average train parent_acc: 96.5
2026-09-17 19:56:58,884 INFO Average train leaf_acc: 97.125
2026-09-17 19:56:58,884 INFO Average train open_acc: 95.875
2026-09-17 19:56:58,885 INFO Average train consistency: 94.5625
2026-09-17 19:56:58,885 INFO Average train pseudo_rate: 32.375
2026-09-17 19:56:58,885 INFO ======
2026-09-17 19:57:01,845 INFO === val epoch 18 ===
2026-09-17 19:57:01,846 INFO Average val loss: 0.5755320448767055
2026-09-17 19:57:01,846 INFO Average val acc: 81.36363636363636
2026-09-17 19:57:01,846 INFO Average val loss_parent: 0.26055116883733054
2026-09-17 19:57:01,846 INFO Average val loss_leaf: 0.44525644973936407
2026-09-17 19:57:01,846 INFO Average val parent_acc: 91.36363636363636
2026-09-17 19:57:01,846 INFO Average val leaf_acc: 81.36363636363636
2026-09-17 19:57:01,846 INFO Average val consistency: 78.63636363636364
2026-09-17 19:57:01,846 INFO Average val local_known_acceptance: 99.54545454545455
2026-09-17 19:57:01,846 INFO ======
2026-09-17 19:57:01,846 INFO Best result: 85.45454545454545; epoch result: 81.36363636363636
2026-09-17 19:57:04,468 INFO ======
2026-09-17 19:57:23,338 INFO === train epoch 19 ===
2026-09-17 19:57:23,339 INFO Average train loss: 0.6144537832587957
2026-09-17 19:57:23,339 INFO Average train acc: 97.0625
2026-09-17 19:57:23,339 INFO Average train loss_ndtl: 0.1309956027904991
2026-09-17 19:57:23,339 INFO Average train loss_ncl: 0.08611044889432379
2026-09-17 19:57:23,339 INFO Average train loss_cons: 0.03239613618959993
2026-09-17 19:57:23,339 INFO Average train loss_rank: 0.01432456698268652
2026-09-17 19:57:23,339 INFO Average train loss_child_known: 0.004290464036166668
2026-09-17 19:57:23,339 INFO Average train loss_child_novel: 0.001007581651210785
2026-09-17 19:57:23,339 INFO Average train loss_pceg: 0.001022481620311737
2026-09-17 19:57:23,340 INFO Average train rank_branch_count: 1.31
2026-09-17 19:57:23,340 INFO Average train loss_root: 0.0026313923485577107
2026-09-17 19:57:23,340 INFO Average train loss_oe: 0.0
2026-09-17 19:57:23,340 INFO Average train loss_local_unknown: 0.07082008149758622
2026-09-17 19:57:23,340 INFO Average train loss_tax_contrast: 1.4443940311670302
2026-09-17 19:57:23,340 INFO Average train loss_sibling_boundary: 0.0
2026-09-17 19:57:23,340 INFO Average train sibling_boundary_pair_count: 0.0
2026-09-17 19:57:23,340 INFO Average train sibling_boundary_margin: 0
2026-09-17 19:57:23,341 INFO Average train root_known_score: 0.30881211265921593
2026-09-17 19:57:23,341 INFO Average train known_child_score: 0.32081922054290773
2026-09-17 19:57:23,341 INFO Average train pseudo_child_score: 0.24221795722842215
2026-09-17 19:57:23,341 INFO Average train pseudo_pceg: 0.07636107696220279
2026-09-17 19:57:23,341 INFO Average train local_known_margin: 7.378126696348191
2026-09-17 19:57:23,341 INFO Average train local_pseudo_margin: 6.378712055683136
2026-09-17 19:57:23,341 INFO Average train novelty_weight_scale: 1.0
2026-09-17 19:57:23,341 INFO Average train parent_acc: 96.8125
2026-09-17 19:57:23,341 INFO Average train leaf_acc: 97.0625
2026-09-17 19:57:23,341 INFO Average train open_acc: 96.5
2026-09-17 19:57:23,342 INFO Average train consistency: 94.625
2026-09-17 19:57:23,342 INFO Average train pseudo_rate: 32.75
2026-09-17 19:57:23,342 INFO ======
2026-09-17 19:57:26,298 INFO === val epoch 19 ===
2026-09-17 19:57:26,298 INFO Average val loss: 0.48551276861266657
2026-09-17 19:57:26,299 INFO Average val acc: 85.45454545454545
2026-09-17 19:57:26,299 INFO Average val loss_parent: 0.23656070333143528
2026-09-17 19:57:26,300 INFO Average val loss_leaf: 0.36723241460594264
2026-09-17 19:57:26,300 INFO Average val parent_acc: 91.36363636363636
2026-09-17 19:57:26,300 INFO Average val leaf_acc: 85.45454545454545
2026-09-17 19:57:26,300 INFO Average val consistency: 80.9090909090909
2026-09-17 19:57:26,300 INFO Average val local_known_acceptance: 95.0
2026-09-17 19:57:26,300 INFO ======
2026-09-17 19:57:26,300 INFO Best result: 85.45454545454545; epoch result: 85.45454545454545
2026-09-17 19:57:28,974 INFO ======
2026-09-17 19:57:47,528 INFO === train epoch 20 ===
2026-09-17 19:57:47,529 INFO Average train loss: 0.7384509734809399
2026-09-17 19:57:47,529 INFO Average train acc: 94.0625
2026-09-17 19:57:47,529 INFO Average train loss_ndtl: 0.19547824987850618
2026-09-17 19:57:47,529 INFO Average train loss_ncl: 0.07119321442703949
2026-09-17 19:57:47,530 INFO Average train loss_cons: 0.035388686398800925
2026-09-17 19:57:47,530 INFO Average train loss_rank: 0.02808101011440158
2026-09-17 19:57:47,530 INFO Average train loss_child_known: 0.006836666455492377
2026-09-17 19:57:47,530 INFO Average train loss_child_novel: 0.0063936665281653406
2026-09-17 19:57:47,530 INFO Average train loss_pceg: 0.0048091445863246915
2026-09-17 19:57:47,530 INFO Average train rank_branch_count: 1.33
2026-09-17 19:57:47,530 INFO Average train loss_root: 0.0065846593584865335
2026-09-17 19:57:47,530 INFO Average train loss_oe: 0.0
2026-09-17 19:57:47,530 INFO Average train loss_local_unknown: 0.12886073155794292
2026-09-17 19:57:47,531 INFO Average train loss_tax_contrast: 1.4471880120038987
2026-09-17 19:57:47,531 INFO Average train loss_sibling_boundary: 0.0
2026-09-17 19:57:47,531 INFO Average train sibling_boundary_pair_count: 0.0
2026-09-17 19:57:47,531 INFO Average train sibling_boundary_margin: 0
2026-09-17 19:57:47,531 INFO Average train root_known_score: 0.2981837014853954
2026-09-17 19:57:47,531 INFO Average train known_child_score: 0.31197438821196555
2026-09-17 19:57:47,531 INFO Average train pseudo_child_score: 0.2522093698382378
2026-09-17 19:57:47,531 INFO Average train pseudo_pceg: 0.05923365116119385
2026-09-17 19:57:47,531 INFO Average train local_known_margin: 6.1478173649311065
2026-09-17 19:57:47,531 INFO Average train local_pseudo_margin: 5.371108212471008
2026-09-17 19:57:47,531 INFO Average train novelty_weight_scale: 1.0
2026-09-17 19:57:47,531 INFO Average train parent_acc: 96.125
2026-09-17 19:57:47,531 INFO Average train leaf_acc: 94.0625
2026-09-17 19:57:47,531 INFO Average train open_acc: 94.125
2026-09-17 19:57:47,532 INFO Average train consistency: 91.0625
2026-09-17 19:57:47,532 INFO Average train pseudo_rate: 33.25
2026-09-17 19:57:47,532 INFO ======
2026-09-17 19:57:50,486 INFO === val epoch 20 ===
2026-09-17 19:57:50,487 INFO Average val loss: 0.6281766678121957
2026-09-17 19:57:50,487 INFO Average val acc: 85.0
2026-09-17 19:57:50,487 INFO Average val loss_parent: 0.3457428756593303
2026-09-17 19:57:50,488 INFO Average val loss_leaf: 0.4553052472204647
2026-09-17 19:57:50,488 INFO Average val parent_acc: 90.0
2026-09-17 19:57:50,488 INFO Average val leaf_acc: 85.0
2026-09-17 19:57:50,488 INFO Average val consistency: 80.45454545454545
2026-09-17 19:57:50,488 INFO Average val local_known_acceptance: 77.27272727272727
2026-09-17 19:57:50,488 INFO ======
2026-09-17 19:57:50,488 INFO Best result: 85.45454545454545; epoch result: 85.0
2026-09-17 19:57:53,410 INFO ======
2026-09-17 19:58:11,955 INFO === train epoch 21 ===
2026-09-17 19:58:11,955 INFO Average train loss: 0.6548490326106549
2026-09-17 19:58:11,955 INFO Average train acc: 96.8125
2026-09-17 19:58:11,956 INFO Average train loss_ndtl: 0.15987980399862864
2026-09-17 19:58:11,956 INFO Average train loss_ncl: 0.08482890201586997
2026-09-17 19:58:11,956 INFO Average train loss_cons: 0.03437630532989715
2026-09-17 19:58:11,956 INFO Average train loss_rank: 0.019368521608412265
2026-09-17 19:58:11,956 INFO Average train loss_child_known: 0.004978623762726783
2026-09-17 19:58:11,956 INFO Average train loss_child_novel: 0.0025628842413425446
2026-09-17 19:58:11,957 INFO Average train loss_pceg: 0.0005256576184183359
2026-09-17 19:58:11,957 INFO Average train rank_branch_count: 1.33
2026-09-17 19:58:11,957 INFO Average train loss_root: 0.0029285435657948255
2026-09-17 19:58:11,957 INFO Average train loss_oe: 0.0
2026-09-17 19:58:11,957 INFO Average train loss_local_unknown: 0.08758148072549375
2026-09-17 19:58:11,957 INFO Average train loss_tax_contrast: 1.4168935823440552
2026-09-17 19:58:11,957 INFO Average train loss_sibling_boundary: 0.0
2026-09-17 19:58:11,958 INFO Average train sibling_boundary_pair_count: 0.0
2026-09-17 19:58:11,958 INFO Average train sibling_boundary_margin: 0
2026-09-17 19:58:11,958 INFO Average train root_known_score: 0.3101471146941185
2026-09-17 19:58:11,958 INFO Average train known_child_score: 0.317498310059309
2026-09-17 19:58:11,958 INFO Average train pseudo_child_score: 0.2426079861819744
2026-09-17 19:58:11,958 INFO Average train pseudo_pceg: 0.08434157403185964
2026-09-17 19:58:11,958 INFO Average train local_known_margin: 6.473818006515503
2026-09-17 19:58:11,958 INFO Average train local_pseudo_margin: 6.217432243824005
2026-09-17 19:58:11,958 INFO Average train novelty_weight_scale: 1.0
2026-09-17 19:58:11,959 INFO Average train parent_acc: 96.8125
2026-09-17 19:58:11,959 INFO Average train leaf_acc: 96.8125
2026-09-17 19:58:11,959 INFO Average train open_acc: 95.5625
2026-09-17 19:58:11,959 INFO Average train consistency: 94.5625
2026-09-17 19:58:11,959 INFO Average train pseudo_rate: 33.25
2026-09-17 19:58:11,959 INFO ======
2026-09-17 19:58:14,906 INFO === val epoch 21 ===
2026-09-17 19:58:14,906 INFO Average val loss: 0.6012865632941777
2026-09-17 19:58:14,907 INFO Average val acc: 82.27272727272727
2026-09-17 19:58:14,907 INFO Average val loss_parent: 0.2346084314927628
2026-09-17 19:58:14,907 INFO Average val loss_leaf: 0.4839823432309045
2026-09-17 19:58:14,907 INFO Average val parent_acc: 93.18181818181819
2026-09-17 19:58:14,908 INFO Average val leaf_acc: 82.27272727272727
2026-09-17 19:58:14,908 INFO Average val consistency: 78.63636363636364
2026-09-17 19:58:14,908 INFO Average val local_known_acceptance: 95.9090909090909
2026-09-17 19:58:14,908 INFO ======
2026-09-17 19:58:14,908 INFO Best result: 85.45454545454545; epoch result: 82.27272727272727
2026-09-17 19:58:17,692 INFO ======
2026-09-17 19:58:36,445 INFO === train epoch 22 ===
2026-09-17 19:58:36,445 INFO Average train loss: 0.7065129864215851
2026-09-17 19:58:36,445 INFO Average train acc: 94.6875
2026-09-17 19:58:36,445 INFO Average train loss_ndtl: 0.1810738759196829
2026-09-17 19:58:36,446 INFO Average train loss_ncl: 0.08899165803188225
2026-09-17 19:58:36,446 INFO Average train loss_cons: 0.0313913692728147
2026-09-17 19:58:36,447 INFO Average train loss_rank: 0.020933009181171656
2026-09-17 19:58:36,447 INFO Average train loss_child_known: 0.006451042434200645
2026-09-17 19:58:36,447 INFO Average train loss_child_novel: 0.0015658240765333176
2026-09-17 19:58:36,447 INFO Average train loss_pceg: 0.00120122947730124
2026-09-17 19:58:36,447 INFO Average train rank_branch_count: 1.285
2026-09-17 19:58:36,447 INFO Average train loss_root: 0.004656189028173685
2026-09-17 19:58:36,447 INFO Average train loss_oe: 0.0
2026-09-17 19:58:36,447 INFO Average train loss_local_unknown: 0.10259793879333301
2026-09-17 19:58:36,447 INFO Average train loss_tax_contrast: 1.4694938153028487
2026-09-17 19:58:36,448 INFO Average train loss_sibling_boundary: 0.0
2026-09-17 19:58:36,448 INFO Average train sibling_boundary_pair_count: 0.0
2026-09-17 19:58:36,448 INFO Average train sibling_boundary_margin: 0
2026-09-17 19:58:36,448 INFO Average train root_known_score: 0.3016483075916767
2026-09-17 19:58:36,448 INFO Average train known_child_score: 0.310076844394207
2026-09-17 19:58:36,448 INFO Average train pseudo_child_score: 0.2417824823409319
2026-09-17 19:58:36,448 INFO Average train pseudo_pceg: 0.07619937412440776
2026-09-17 19:58:36,448 INFO Average train local_known_margin: 6.268074742555618
2026-09-17 19:58:36,448 INFO Average train local_pseudo_margin: 6.496382761001587
2026-09-17 19:58:36,448 INFO Average train novelty_weight_scale: 1.0
2026-09-17 19:58:36,449 INFO Average train parent_acc: 95.8125
2026-09-17 19:58:36,449 INFO Average train leaf_acc: 94.6875
2026-09-17 19:58:36,449 INFO Average train open_acc: 94.3125
2026-09-17 19:58:36,449 INFO Average train consistency: 91.1875
2026-09-17 19:58:36,449 INFO Average train pseudo_rate: 32.125
2026-09-17 19:58:36,449 INFO ======
2026-09-17 19:58:39,412 INFO === val epoch 22 ===
2026-09-17 19:58:39,413 INFO Average val loss: 0.5856425574239852
2026-09-17 19:58:39,413 INFO Average val acc: 82.72727272727273
2026-09-17 19:58:39,413 INFO Average val loss_parent: 0.20928058218930595
2026-09-17 19:58:39,413 INFO Average val loss_leaf: 0.48100225716374223
2026-09-17 19:58:39,414 INFO Average val parent_acc: 90.9090909090909
2026-09-17 19:58:39,414 INFO Average val leaf_acc: 82.72727272727273
2026-09-17 19:58:39,414 INFO Average val consistency: 79.0909090909091
2026-09-17 19:58:39,414 INFO Average val local_known_acceptance: 81.36363636363636
2026-09-17 19:58:39,414 INFO ======
2026-09-17 19:58:39,414 INFO Best result: 85.45454545454545; epoch result: 82.72727272727273
2026-09-17 19:58:42,138 INFO ======
2026-09-17 19:59:00,711 INFO === train epoch 23 ===
2026-09-17 19:59:00,711 INFO Average train loss: 0.7864763806760311
2026-09-17 19:59:00,711 INFO Average train acc: 94.4375
2026-09-17 19:59:00,711 INFO Average train loss_ndtl: 0.2351208282785956
2026-09-17 19:59:00,711 INFO Average train loss_ncl: 0.11984646103926934
2026-09-17 19:59:00,711 INFO Average train loss_cons: 0.04668810774455778
2026-09-17 19:59:00,712 INFO Average train loss_rank: 0.017638258691877125
2026-09-17 19:59:00,712 INFO Average train loss_child_known: 0.006066832197830081
2026-09-17 19:59:00,712 INFO Average train loss_child_novel: 0.0014836304262280465
2026-09-17 19:59:00,712 INFO Average train loss_pceg: 0.0018171306885778904
2026-09-17 19:59:00,712 INFO Average train rank_branch_count: 1.355
2026-09-17 19:59:00,712 INFO Average train loss_root: 0.004544998724013567
2026-09-17 19:59:00,712 INFO Average train loss_oe: 0.0
2026-09-17 19:59:00,713 INFO Average train loss_local_unknown: 0.11207420563529012
2026-09-17 19:59:00,713 INFO Average train loss_tax_contrast: 1.4706352692842484
2026-09-17 19:59:00,713 INFO Average train loss_sibling_boundary: 0.0
2026-09-17 19:59:00,713 INFO Average train sibling_boundary_pair_count: 0.0
2026-09-17 19:59:00,713 INFO Average train sibling_boundary_margin: 0
2026-09-17 19:59:00,713 INFO Average train root_known_score: 0.30077431559562684
2026-09-17 19:59:00,713 INFO Average train known_child_score: 0.3132524861395359
2026-09-17 19:59:00,713 INFO Average train pseudo_child_score: 0.2419979055225849
2026-09-17 19:59:00,713 INFO Average train pseudo_pceg: 0.0658710408397019
2026-09-17 19:59:00,714 INFO Average train local_known_margin: 5.768809632062912
2026-09-17 19:59:00,714 INFO Average train local_pseudo_margin: 5.471281776428222
2026-09-17 19:59:00,714 INFO Average train novelty_weight_scale: 1.0
2026-09-17 19:59:00,714 INFO Average train parent_acc: 94.5
2026-09-17 19:59:00,714 INFO Average train leaf_acc: 94.4375
2026-09-17 19:59:00,714 INFO Average train open_acc: 93.375
2026-09-17 19:59:00,715 INFO Average train consistency: 90.3125
2026-09-17 19:59:00,715 INFO Average train pseudo_rate: 33.875
2026-09-17 19:59:00,715 INFO ======
2026-09-17 19:59:03,671 INFO === val epoch 23 ===
2026-09-17 19:59:03,671 INFO Average val loss: 0.45953983908349816
2026-09-17 19:59:03,671 INFO Average val acc: 87.27272727272727
2026-09-17 19:59:03,672 INFO Average val loss_parent: 0.1402131757444956
2026-09-17 19:59:03,672 INFO Average val loss_leaf: 0.38943325777707455
2026-09-17 19:59:03,672 INFO Average val parent_acc: 95.9090909090909
2026-09-17 19:59:03,672 INFO Average val leaf_acc: 87.27272727272727
2026-09-17 19:59:03,673 INFO Average val consistency: 85.0
2026-09-17 19:59:03,673 INFO Average val local_known_acceptance: 84.0909090909091
2026-09-17 19:59:03,673 INFO ======
2026-09-17 19:59:03,673 INFO Best result: 85.45454545454545; epoch result: 87.27272727272727
2026-09-17 19:59:08,931 INFO ======
2026-09-17 19:59:27,687 INFO === train epoch 24 ===
2026-09-17 19:59:27,687 INFO Average train loss: 0.6995815439522266
2026-09-17 19:59:27,687 INFO Average train acc: 96.1875
2026-09-17 19:59:27,688 INFO Average train loss_ndtl: 0.1702858560931054
2026-09-17 19:59:27,688 INFO Average train loss_ncl: 0.09114152719834237
2026-09-17 19:59:27,688 INFO Average train loss_cons: 0.028903136845256087
2026-09-17 19:59:27,688 INFO Average train loss_rank: 0.024231300186365844
2026-09-17 19:59:27,688 INFO Average train loss_child_known: 0.00529525114223361
2026-09-17 19:59:27,688 INFO Average train loss_child_novel: 0.0029329897463321684
2026-09-17 19:59:27,688 INFO Average train loss_pceg: 0.002770442208275199
2026-09-17 19:59:27,689 INFO Average train rank_branch_count: 1.385
2026-09-17 19:59:27,689 INFO Average train loss_root: 0.006246971897780895
2026-09-17 19:59:27,689 INFO Average train loss_oe: 0.0
2026-09-17 19:59:27,689 INFO Average train loss_local_unknown: 0.10736318470317201
2026-09-17 19:59:27,689 INFO Average train loss_tax_contrast: 1.4544563865661622
2026-09-17 19:59:27,689 INFO Average train loss_sibling_boundary: 0.0
2026-09-17 19:59:27,689 INFO Average train sibling_boundary_pair_count: 0.0
2026-09-17 19:59:27,689 INFO Average train sibling_boundary_margin: 0
2026-09-17 19:59:27,689 INFO Average train root_known_score: 0.2970438450574875
2026-09-17 19:59:27,690 INFO Average train known_child_score: 0.3162053124606609
2026-09-17 19:59:27,690 INFO Average train pseudo_child_score: 0.24527800738811492
2026-09-17 19:59:27,690 INFO Average train pseudo_pceg: 0.0662692336179316
2026-09-17 19:59:27,690 INFO Average train local_known_margin: 6.83469731092453
2026-09-17 19:59:27,690 INFO Average train local_pseudo_margin: 6.205733616352081
2026-09-17 19:59:27,690 INFO Average train novelty_weight_scale: 1.0
2026-09-17 19:59:27,690 INFO Average train parent_acc: 96.8125
2026-09-17 19:59:27,690 INFO Average train leaf_acc: 96.1875
2026-09-17 19:59:27,690 INFO Average train open_acc: 95.0625
2026-09-17 19:59:27,690 INFO Average train consistency: 93.75
2026-09-17 19:59:27,690 INFO Average train pseudo_rate: 34.625
2026-09-17 19:59:27,690 INFO ======
2026-09-17 19:59:30,639 INFO === val epoch 24 ===
2026-09-17 19:59:30,640 INFO Average val loss: 0.38705178406089547
2026-09-17 19:59:30,640 INFO Average val acc: 89.0909090909091
2026-09-17 19:59:30,640 INFO Average val loss_parent: 0.18831294581971386
2026-09-17 19:59:30,640 INFO Average val loss_leaf: 0.29289531547957187
2026-09-17 19:59:30,640 INFO Average val parent_acc: 93.63636363636364
2026-09-17 19:59:30,640 INFO Average val leaf_acc: 89.0909090909091
2026-09-17 19:59:30,640 INFO Average val consistency: 86.36363636363636
2026-09-17 19:59:30,641 INFO Average val local_known_acceptance: 93.18181818181819
2026-09-17 19:59:30,641 INFO ======
2026-09-17 19:59:30,641 INFO Best result: 87.27272727272727; epoch result: 89.0909090909091
2026-09-17 19:59:36,020 INFO ======
2026-09-17 19:59:54,752 INFO === train epoch 25 ===
2026-09-17 19:59:54,753 INFO Average train loss: 0.7571986116468906
2026-09-17 19:59:54,753 INFO Average train acc: 95.3125
2026-09-17 19:59:54,753 INFO Average train loss_ndtl: 0.19043297237716617
2026-09-17 19:59:54,753 INFO Average train loss_ncl: 0.10093481397474534
2026-09-17 19:59:54,753 INFO Average train loss_cons: 0.030486308751278557
2026-09-17 19:59:54,753 INFO Average train loss_rank: 0.027255940306931733
2026-09-17 19:59:54,754 INFO Average train loss_child_known: 0.005344939939677715
2026-09-17 19:59:54,754 INFO Average train loss_child_novel: 0.004300715290009975
2026-09-17 19:59:54,754 INFO Average train loss_pceg: 0.004923915648832917
2026-09-17 19:59:54,754 INFO Average train rank_branch_count: 1.355
2026-09-17 19:59:54,755 INFO Average train loss_root: 0.004162939414381981
2026-09-17 19:59:54,755 INFO Average train loss_oe: 0.0
2026-09-17 19:59:54,755 INFO Average train loss_local_unknown: 0.13972271415637805
2026-09-17 19:59:54,755 INFO Average train loss_tax_contrast: 1.448842716217041
2026-09-17 19:59:54,755 INFO Average train loss_sibling_boundary: 0.0
2026-09-17 19:59:54,755 INFO Average train sibling_boundary_pair_count: 0.0
2026-09-17 19:59:54,755 INFO Average train sibling_boundary_margin: 0
2026-09-17 19:59:54,755 INFO Average train root_known_score: 0.30215818509459497
2026-09-17 19:59:54,755 INFO Average train known_child_score: 0.3155189663171768
2026-09-17 19:59:54,755 INFO Average train pseudo_child_score: 0.2555611339211464
2026-09-17 19:59:54,755 INFO Average train pseudo_pceg: 0.05236151373013854
2026-09-17 19:59:54,755 INFO Average train local_known_margin: 6.166466199755669
2026-09-17 19:59:54,755 INFO Average train local_pseudo_margin: 4.828371517658233
2026-09-17 19:59:54,755 INFO Average train novelty_weight_scale: 1.0
2026-09-17 19:59:54,755 INFO Average train parent_acc: 96.75
2026-09-17 19:59:54,756 INFO Average train leaf_acc: 95.3125
2026-09-17 19:59:54,756 INFO Average train open_acc: 94.75
2026-09-17 19:59:54,756 INFO Average train consistency: 92.5
2026-09-17 19:59:54,756 INFO Average train pseudo_rate: 33.875
2026-09-17 19:59:54,756 INFO ======
2026-09-17 19:59:57,710 INFO === val epoch 25 ===
2026-09-17 19:59:57,710 INFO Average val loss: 0.4854682179824026
2026-09-17 19:59:57,710 INFO Average val acc: 88.18181818181819
2026-09-17 19:59:57,711 INFO Average val loss_parent: 0.2734879782508043
2026-09-17 19:59:57,711 INFO Average val loss_leaf: 0.34872423804322766
2026-09-17 19:59:57,711 INFO Average val parent_acc: 90.0
2026-09-17 19:59:57,711 INFO Average val leaf_acc: 88.18181818181819
2026-09-17 19:59:57,711 INFO Average val consistency: 82.72727272727273
2026-09-17 19:59:57,712 INFO Average val local_known_acceptance: 90.0
2026-09-17 19:59:57,712 INFO ======
2026-09-17 19:59:57,712 INFO Best result: 89.0909090909091; epoch result: 88.18181818181819
2026-09-17 20:00:00,819 INFO ======
2026-09-17 20:00:19,666 INFO === train epoch 26 ===
2026-09-17 20:00:19,666 INFO Average train loss: 0.5933259083330631
2026-09-17 20:00:19,666 INFO Average train acc: 97.1875
2026-09-17 20:00:19,666 INFO Average train loss_ndtl: 0.12745377215207554
2026-09-17 20:00:19,667 INFO Average train loss_ncl: 0.05325001057964982
2026-09-17 20:00:19,667 INFO Average train loss_cons: 0.025072466712808817
2026-09-17 20:00:19,667 INFO Average train loss_rank: 0.0258383010327816
2026-09-17 20:00:19,668 INFO Average train loss_child_known: 0.0063168306834995745
2026-09-17 20:00:19,668 INFO Average train loss_child_novel: 0.0037214345484972
2026-09-17 20:00:19,668 INFO Average train loss_pceg: 0.001474737534299493
2026-09-17 20:00:19,668 INFO Average train rank_branch_count: 1.385
2026-09-17 20:00:19,668 INFO Average train loss_root: 0.007441211137920618
2026-09-17 20:00:19,668 INFO Average train loss_oe: 0.0
2026-09-17 20:00:19,668 INFO Average train loss_local_unknown: 0.09015848257178732
2026-09-17 20:00:19,669 INFO Average train loss_tax_contrast: 1.3433849507570266
2026-09-17 20:00:19,669 INFO Average train loss_sibling_boundary: 0.0
2026-09-17 20:00:19,669 INFO Average train sibling_boundary_pair_count: 0.0
2026-09-17 20:00:19,669 INFO Average train sibling_boundary_margin: 0
2026-09-17 20:00:19,669 INFO Average train root_known_score: 0.29646007999777796
2026-09-17 20:00:19,669 INFO Average train known_child_score: 0.31144847482442856
2026-09-17 20:00:19,669 INFO Average train pseudo_child_score: 0.2440164329111576
2026-09-17 20:00:19,669 INFO Average train pseudo_pceg: 0.07602349059656262
2026-09-17 20:00:19,669 INFO Average train local_known_margin: 6.863615372180939
2026-09-17 20:00:19,669 INFO Average train local_pseudo_margin: 6.382494668960572
2026-09-17 20:00:19,670 INFO Average train novelty_weight_scale: 1.0
2026-09-17 20:00:19,670 INFO Average train parent_acc: 97.4375
2026-09-17 20:00:19,670 INFO Average train leaf_acc: 97.1875
2026-09-17 20:00:19,670 INFO Average train open_acc: 96.1875
2026-09-17 20:00:19,670 INFO Average train consistency: 95.25
2026-09-17 20:00:19,670 INFO Average train pseudo_rate: 34.625
2026-09-17 20:00:19,670 INFO ======
2026-09-17 20:00:22,618 INFO === val epoch 26 ===
2026-09-17 20:00:22,618 INFO Average val loss: 0.5113335859369148
2026-09-17 20:00:22,618 INFO Average val acc: 88.63636363636364
2026-09-17 20:00:22,619 INFO Average val loss_parent: 0.2638882975517349
2026-09-17 20:00:22,619 INFO Average val loss_leaf: 0.3793894403529438
2026-09-17 20:00:22,619 INFO Average val parent_acc: 91.36363636363636
2026-09-17 20:00:22,620 INFO Average val leaf_acc: 88.63636363636364
2026-09-17 20:00:22,620 INFO Average val consistency: 83.18181818181819
2026-09-17 20:00:22,620 INFO Average val local_known_acceptance: 95.9090909090909
2026-09-17 20:00:22,620 INFO ======
2026-09-17 20:00:22,620 INFO Best result: 89.0909090909091; epoch result: 88.63636363636364
2026-09-17 20:00:25,031 INFO ======
2026-09-17 20:00:43,511 INFO === train epoch 27 ===
2026-09-17 20:00:43,512 INFO Average train loss: 0.5136965297162532
2026-09-17 20:00:43,512 INFO Average train acc: 98.625
2026-09-17 20:00:43,512 INFO Average train loss_ndtl: 0.08956567515037023
2026-09-17 20:00:43,513 INFO Average train loss_ncl: 0.056845171408203894
2026-09-17 20:00:43,513 INFO Average train loss_cons: 0.022428561579072265
2026-09-17 20:00:43,513 INFO Average train loss_rank: 0.013852966520935296
2026-09-17 20:00:43,513 INFO Average train loss_child_known: 0.005559602379798889
2026-09-17 20:00:43,513 INFO Average train loss_child_novel: 0.0007972539961338043
2026-09-17 20:00:43,513 INFO Average train loss_pceg: 0.0008243303839117289
2026-09-17 20:00:43,514 INFO Average train rank_branch_count: 1.37
2026-09-17 20:00:43,514 INFO Average train loss_root: 0.006285495469346643
2026-09-17 20:00:43,514 INFO Average train loss_oe: 0.0
2026-09-17 20:00:43,514 INFO Average train loss_local_unknown: 0.057347987425891915
2026-09-17 20:00:43,514 INFO Average train loss_tax_contrast: 1.3211105316877365
2026-09-17 20:00:43,514 INFO Average train loss_sibling_boundary: 0.0
2026-09-17 20:00:43,514 INFO Average train sibling_boundary_pair_count: 0.0
2026-09-17 20:00:43,514 INFO Average train sibling_boundary_margin: 0
2026-09-17 20:00:43,515 INFO Average train root_known_score: 0.296322680413723
2026-09-17 20:00:43,515 INFO Average train known_child_score: 0.3166887193918228
2026-09-17 20:00:43,515 INFO Average train pseudo_child_score: 0.23174921862781048
2026-09-17 20:00:43,515 INFO Average train pseudo_pceg: 0.06622192345559597
2026-09-17 20:00:43,515 INFO Average train local_known_margin: 7.6024148201942445
2026-09-17 20:00:43,515 INFO Average train local_pseudo_margin: 5.822742235660553
2026-09-17 20:00:43,515 INFO Average train novelty_weight_scale: 1.0
2026-09-17 20:00:43,515 INFO Average train parent_acc: 98.25
2026-09-17 20:00:43,515 INFO Average train leaf_acc: 98.625
2026-09-17 20:00:43,515 INFO Average train open_acc: 97.75
2026-09-17 20:00:43,516 INFO Average train consistency: 97.1875
2026-09-17 20:00:43,516 INFO Average train pseudo_rate: 34.25
2026-09-17 20:00:43,516 INFO ======
2026-09-17 20:00:46,461 INFO === val epoch 27 ===
2026-09-17 20:00:46,462 INFO Average val loss: 0.665629538690502
2026-09-17 20:00:46,462 INFO Average val acc: 84.54545454545455
2026-09-17 20:00:46,462 INFO Average val loss_parent: 0.4150034391236576
2026-09-17 20:00:46,463 INFO Average val loss_leaf: 0.4581278354352848
2026-09-17 20:00:46,463 INFO Average val parent_acc: 87.72727272727273
2026-09-17 20:00:46,463 INFO Average val leaf_acc: 84.54545454545455
2026-09-17 20:00:46,463 INFO Average val consistency: 78.63636363636364
2026-09-17 20:00:46,463 INFO Average val local_known_acceptance: 98.18181818181819
2026-09-17 20:00:46,463 INFO ======
2026-09-17 20:00:46,463 INFO Best result: 89.0909090909091; epoch result: 84.54545454545455
2026-09-17 20:00:49,457 INFO ======
2026-09-17 20:01:07,938 INFO === train epoch 28 ===
2026-09-17 20:01:07,938 INFO Average train loss: 0.6721898503601551
2026-09-17 20:01:07,939 INFO Average train acc: 95.5625
2026-09-17 20:01:07,939 INFO Average train loss_ndtl: 0.1671069687511772
2026-09-17 20:01:07,939 INFO Average train loss_ncl: 0.08820910988142713
2026-09-17 20:01:07,939 INFO Average train loss_cons: 0.03190575583503232
2026-09-17 20:01:07,939 INFO Average train loss_rank: 0.015454456638544799
2026-09-17 20:01:07,939 INFO Average train loss_child_known: 0.007158208088949323
2026-09-17 20:01:07,939 INFO Average train loss_child_novel: 0.000777985230088234
2026-09-17 20:01:07,940 INFO Average train loss_pceg: 0.0014551345072686672
2026-09-17 20:01:07,940 INFO Average train rank_branch_count: 1.34
2026-09-17 20:01:07,940 INFO Average train loss_root: 0.007475374061614275
2026-09-17 20:01:07,940 INFO Average train loss_oe: 0.0
2026-09-17 20:01:07,940 INFO Average train loss_local_unknown: 0.09198507631655957
2026-09-17 20:01:07,940 INFO Average train loss_tax_contrast: 1.436192581653595
2026-09-17 20:01:07,940 INFO Average train loss_sibling_boundary: 0.0
2026-09-17 20:01:07,940 INFO Average train sibling_boundary_pair_count: 0.0
2026-09-17 20:01:07,940 INFO Average train sibling_boundary_margin: 0
2026-09-17 20:01:07,941 INFO Average train root_known_score: 0.2949094167351723
2026-09-17 20:01:07,941 INFO Average train known_child_score: 0.3112670077383518
2026-09-17 20:01:07,941 INFO Average train pseudo_child_score: 0.23302222855389118
2026-09-17 20:01:07,941 INFO Average train pseudo_pceg: 0.0729342400841415
2026-09-17 20:01:07,941 INFO Average train local_known_margin: 6.690477999448777
2026-09-17 20:01:07,941 INFO Average train local_pseudo_margin: 6.400132858753205
2026-09-17 20:01:07,941 INFO Average train novelty_weight_scale: 1.0
2026-09-17 20:01:07,941 INFO Average train parent_acc: 96.875
2026-09-17 20:01:07,941 INFO Average train leaf_acc: 95.5625
2026-09-17 20:01:07,941 INFO Average train open_acc: 94.75
2026-09-17 20:01:07,941 INFO Average train consistency: 93.5625
2026-09-17 20:01:07,941 INFO Average train pseudo_rate: 33.5
2026-09-17 20:01:07,941 INFO ======
2026-09-17 20:01:10,887 INFO === val epoch 28 ===
2026-09-17 20:01:10,887 INFO Average val loss: 0.5333964426716028
2026-09-17 20:01:10,887 INFO Average val acc: 87.27272727272727
2026-09-17 20:01:10,887 INFO Average val loss_parent: 0.20315262065480716
2026-09-17 20:01:10,888 INFO Average val loss_leaf: 0.4318201422797177
2026-09-17 20:01:10,888 INFO Average val parent_acc: 93.63636363636364
2026-09-17 20:01:10,888 INFO Average val leaf_acc: 87.27272727272727
2026-09-17 20:01:10,888 INFO Average val consistency: 83.18181818181819
2026-09-17 20:01:10,888 INFO Average val local_known_acceptance: 93.63636363636364
2026-09-17 20:01:10,888 INFO ======
2026-09-17 20:01:10,888 INFO Best result: 89.0909090909091; epoch result: 87.27272727272727
2026-09-17 20:01:13,942 INFO ======
2026-09-17 20:01:32,667 INFO === train epoch 29 ===
2026-09-17 20:01:32,667 INFO Average train loss: 0.6880289557576179
2026-09-17 20:01:32,667 INFO Average train acc: 96.75
2026-09-17 20:01:32,667 INFO Average train loss_ndtl: 0.17676713812747039
2026-09-17 20:01:32,668 INFO Average train loss_ncl: 0.06901283273124136
2026-09-17 20:01:32,668 INFO Average train loss_cons: 0.03522098777248175
2026-09-17 20:01:32,668 INFO Average train loss_rank: 0.01963127847760916
2026-09-17 20:01:32,668 INFO Average train loss_child_known: 0.0046330672409385446
2026-09-17 20:01:32,668 INFO Average train loss_child_novel: 0.003694373145699501
2026-09-17 20:01:32,668 INFO Average train loss_pceg: 0.0025922056660056115
2026-09-17 20:01:32,669 INFO Average train rank_branch_count: 1.315
2026-09-17 20:01:32,669 INFO Average train loss_root: 0.0038949060719460247
2026-09-17 20:01:32,669 INFO Average train loss_oe: 0.0
2026-09-17 20:01:32,669 INFO Average train loss_local_unknown: 0.10770041940872034
2026-09-17 20:01:32,669 INFO Average train loss_tax_contrast: 1.4280685937404634
2026-09-17 20:01:32,669 INFO Average train loss_sibling_boundary: 0.0
2026-09-17 20:01:32,669 INFO Average train sibling_boundary_pair_count: 0.0
2026-09-17 20:01:32,670 INFO Average train sibling_boundary_margin: 0
2026-09-17 20:01:32,670 INFO Average train root_known_score: 0.304896881878376
2026-09-17 20:01:32,670 INFO Average train known_child_score: 0.3180109897255898
2026-09-17 20:01:32,670 INFO Average train pseudo_child_score: 0.24330922178924083
2026-09-17 20:01:32,670 INFO Average train pseudo_pceg: 0.0692090904340148
2026-09-17 20:01:32,670 INFO Average train local_known_margin: 6.774978652000427
2026-09-17 20:01:32,670 INFO Average train local_pseudo_margin: 5.512732963562012
2026-09-17 20:01:32,670 INFO Average train novelty_weight_scale: 1.0
2026-09-17 20:01:32,670 INFO Average train parent_acc: 96.5625
2026-09-17 20:01:32,670 INFO Average train leaf_acc: 96.75
2026-09-17 20:01:32,670 INFO Average train open_acc: 94.6875
2026-09-17 20:01:32,670 INFO Average train consistency: 93.875
2026-09-17 20:01:32,670 INFO Average train pseudo_rate: 32.875
2026-09-17 20:01:32,670 INFO ======
2026-09-17 20:01:35,622 INFO === val epoch 29 ===
2026-09-17 20:01:35,622 INFO Average val loss: 0.46543582488190044
2026-09-17 20:01:35,622 INFO Average val acc: 89.0909090909091
2026-09-17 20:01:35,622 INFO Average val loss_parent: 0.19581801249560984
2026-09-17 20:01:35,623 INFO Average val loss_leaf: 0.3675268166084689
2026-09-17 20:01:35,623 INFO Average val parent_acc: 92.72727272727273
2026-09-17 20:01:35,623 INFO Average val leaf_acc: 89.0909090909091
2026-09-17 20:01:35,623 INFO Average val consistency: 83.63636363636364
2026-09-17 20:01:35,623 INFO Average val local_known_acceptance: 85.0
2026-09-17 20:01:35,623 INFO ======
2026-09-17 20:01:35,623 INFO Best result: 89.0909090909091; epoch result: 89.0909090909091
2026-09-17 20:01:38,255 INFO ======
2026-09-17 20:01:56,628 INFO === train epoch 30 ===
2026-09-17 20:01:56,628 INFO Average train loss: 0.6037438757717609
2026-09-17 20:01:56,628 INFO Average train acc: 97.8125
2026-09-17 20:01:56,629 INFO Average train loss_ndtl: 0.13122987610753625
2026-09-17 20:01:56,629 INFO Average train loss_ncl: 0.06546292214006826
2026-09-17 20:01:56,629 INFO Average train loss_cons: 0.019066393742123183
2026-09-17 20:01:56,629 INFO Average train loss_rank: 0.025416915006935596
2026-09-17 20:01:56,629 INFO Average train loss_child_known: 0.007159863142296672
2026-09-17 20:01:56,630 INFO Average train loss_child_novel: 0.003859373554587364
2026-09-17 20:01:56,630 INFO Average train loss_pceg: 0.00040306084789335726
2026-09-17 20:01:56,630 INFO Average train rank_branch_count: 1.325
2026-09-17 20:01:56,630 INFO Average train loss_root: 0.005569300418719649
2026-09-17 20:01:56,630 INFO Average train loss_oe: 0.0
2026-09-17 20:01:56,630 INFO Average train loss_local_unknown: 0.07790478634633473
2026-09-17 20:01:56,630 INFO Average train loss_tax_contrast: 1.3991069662570954
2026-09-17 20:01:56,630 INFO Average train loss_sibling_boundary: 0.0
2026-09-17 20:01:56,630 INFO Average train sibling_boundary_pair_count: 0.0
2026-09-17 20:01:56,630 INFO Average train sibling_boundary_margin: 0
2026-09-17 20:01:56,630 INFO Average train root_known_score: 0.29941822722554207
2026-09-17 20:01:56,630 INFO Average train known_child_score: 0.30904433950781823
2026-09-17 20:01:56,630 INFO Average train pseudo_child_score: 0.24485569782555103
2026-09-17 20:01:56,630 INFO Average train pseudo_pceg: 0.07582276571542025
2026-09-17 20:01:56,630 INFO Average train local_known_margin: 6.717708711624145
2026-09-17 20:01:56,631 INFO Average train local_pseudo_margin: 5.864073786735535
2026-09-17 20:01:56,631 INFO Average train novelty_weight_scale: 1.0
2026-09-17 20:01:56,631 INFO Average train parent_acc: 97.8125
2026-09-17 20:01:56,631 INFO Average train leaf_acc: 97.8125
2026-09-17 20:01:56,631 INFO Average train open_acc: 96.0
2026-09-17 20:01:56,631 INFO Average train consistency: 96.375
2026-09-17 20:01:56,631 INFO Average train pseudo_rate: 33.125
2026-09-17 20:01:56,631 INFO ======
2026-09-17 20:01:59,594 INFO === val epoch 30 ===
2026-09-17 20:01:59,595 INFO Average val loss: 0.541037437743084
2026-09-17 20:01:59,595 INFO Average val acc: 85.45454545454545
2026-09-17 20:01:59,595 INFO Average val loss_parent: 0.19419027946635403
2026-09-17 20:01:59,595 INFO Average val loss_leaf: 0.44394230080599134
2026-09-17 20:01:59,596 INFO Average val parent_acc: 92.72727272727273
2026-09-17 20:01:59,596 INFO Average val leaf_acc: 85.45454545454545
2026-09-17 20:01:59,596 INFO Average val consistency: 83.18181818181819
2026-09-17 20:01:59,596 INFO Average val local_known_acceptance: 91.81818181818181
2026-09-17 20:01:59,596 INFO ======
2026-09-17 20:01:59,596 INFO Best result: 89.0909090909091; epoch result: 85.45454545454545
2026-09-17 20:02:02,456 INFO ======
2026-09-17 20:02:21,001 INFO === train epoch 31 ===
2026-09-17 20:02:21,002 INFO Average train loss: 0.6010211983323097
2026-09-17 20:02:21,002 INFO Average train acc: 94.1875
2026-09-17 20:02:21,003 INFO Average train loss_ndtl: 0.12974477588082664
2026-09-17 20:02:21,003 INFO Average train loss_ncl: 0.06769193660438759
2026-09-17 20:02:21,003 INFO Average train loss_cons: 0.03168437345523671
2026-09-17 20:02:21,003 INFO Average train loss_rank: 0.011663960050791502
2026-09-17 20:02:21,003 INFO Average train loss_child_known: 0.005687023233622313
2026-09-17 20:02:21,003 INFO Average train loss_child_novel: 0.001673959121108055
2026-09-17 20:02:21,003 INFO Average train loss_pceg: 0.0018114154879003764
2026-09-17 20:02:21,004 INFO Average train rank_branch_count: 1.385
2026-09-17 20:02:21,004 INFO Average train loss_root: 0.007111008008942008
2026-09-17 20:02:21,004 INFO Average train loss_oe: 0.0
2026-09-17 20:02:21,004 INFO Average train loss_local_unknown: 0.07449313788296422
2026-09-17 20:02:21,004 INFO Average train loss_tax_contrast: 1.4146509104967118
2026-09-17 20:02:21,004 INFO Average train loss_sibling_boundary: 0.0
2026-09-17 20:02:21,004 INFO Average train sibling_boundary_pair_count: 0.0
2026-09-17 20:02:21,004 INFO Average train sibling_boundary_margin: 0
2026-09-17 20:02:21,004 INFO Average train root_known_score: 0.29702103152871134
2026-09-17 20:02:21,004 INFO Average train known_child_score: 0.31718037992715836
2026-09-17 20:02:21,004 INFO Average train pseudo_child_score: 0.2337242729961872
2026-09-17 20:02:21,004 INFO Average train pseudo_pceg: 0.07362021630629897
2026-09-17 20:02:21,005 INFO Average train local_known_margin: 6.601038689613342
2026-09-17 20:02:21,005 INFO Average train local_pseudo_margin: 6.869649622440338
2026-09-17 20:02:21,005 INFO Average train novelty_weight_scale: 1.0
2026-09-17 20:02:21,005 INFO Average train parent_acc: 96.375
2026-09-17 20:02:21,005 INFO Average train leaf_acc: 94.1875
2026-09-17 20:02:21,005 INFO Average train open_acc: 95.75
2026-09-17 20:02:21,005 INFO Average train consistency: 91.375
2026-09-17 20:02:21,005 INFO Average train pseudo_rate: 34.625
2026-09-17 20:02:21,005 INFO ======
2026-09-17 20:02:23,965 INFO === val epoch 31 ===
2026-09-17 20:02:23,966 INFO Average val loss: 0.5309963238171556
2026-09-17 20:02:23,966 INFO Average val acc: 85.45454545454545
2026-09-17 20:02:23,966 INFO Average val loss_parent: 0.12467473099770193
2026-09-17 20:02:23,966 INFO Average val loss_leaf: 0.4686589592221108
2026-09-17 20:02:23,966 INFO Average val parent_acc: 95.9090909090909
2026-09-17 20:02:23,966 INFO Average val leaf_acc: 85.45454545454545
2026-09-17 20:02:23,966 INFO Average val consistency: 83.63636363636364
2026-09-17 20:02:23,966 INFO Average val local_known_acceptance: 79.54545454545455
2026-09-17 20:02:23,966 INFO ======
2026-09-17 20:02:23,966 INFO Best result: 89.0909090909091; epoch result: 85.45454545454545
2026-09-17 20:02:27,445 INFO ======
2026-09-17 20:02:45,828 INFO === train epoch 32 ===
2026-09-17 20:02:45,829 INFO Average train loss: 0.5956682175397873
2026-09-17 20:02:45,829 INFO Average train acc: 97.9375
2026-09-17 20:02:45,830 INFO Average train loss_ndtl: 0.13012103196175304
2026-09-17 20:02:45,830 INFO Average train loss_ncl: 0.06780235379090299
2026-09-17 20:02:45,830 INFO Average train loss_cons: 0.023350713262261708
2026-09-17 20:02:45,831 INFO Average train loss_rank: 0.016723611932247875
2026-09-17 20:02:45,831 INFO Average train loss_child_known: 0.004466553386300802
2026-09-17 20:02:45,831 INFO Average train loss_child_novel: 0.0012876762077212334
2026-09-17 20:02:45,831 INFO Average train loss_pceg: 0.0015022283513098954
2026-09-17 20:02:45,831 INFO Average train rank_branch_count: 1.35
2026-09-17 20:02:45,831 INFO Average train loss_root: 0.0042579709831625226
2026-09-17 20:02:45,831 INFO Average train loss_oe: 0.0
2026-09-17 20:02:45,831 INFO Average train loss_local_unknown: 0.08186351791082416
2026-09-17 20:02:45,831 INFO Average train loss_tax_contrast: 1.364095915555954
2026-09-17 20:02:45,832 INFO Average train loss_sibling_boundary: 0.0
2026-09-17 20:02:45,832 INFO Average train sibling_boundary_pair_count: 0.0
2026-09-17 20:02:45,832 INFO Average train sibling_boundary_margin: 0
2026-09-17 20:02:45,832 INFO Average train root_known_score: 0.30480238258838654
2026-09-17 20:02:45,832 INFO Average train known_child_score: 0.3196045908331871
2026-09-17 20:02:45,832 INFO Average train pseudo_child_score: 0.24325924888253211
2026-09-17 20:02:45,832 INFO Average train pseudo_pceg: 0.07267685735598206
2026-09-17 20:02:45,832 INFO Average train local_known_margin: 6.6052722334861755
2026-09-17 20:02:45,833 INFO Average train local_pseudo_margin: 6.356098198890686
2026-09-17 20:02:45,833 INFO Average train novelty_weight_scale: 1.0
2026-09-17 20:02:45,833 INFO Average train parent_acc: 97.6875
2026-09-17 20:02:45,833 INFO Average train leaf_acc: 97.9375
2026-09-17 20:02:45,833 INFO Average train open_acc: 96.6875
2026-09-17 20:02:45,833 INFO Average train consistency: 96.0625
2026-09-17 20:02:45,833 INFO Average train pseudo_rate: 33.75
2026-09-17 20:02:45,833 INFO ======
2026-09-17 20:02:48,791 INFO === val epoch 32 ===
2026-09-17 20:02:48,792 INFO Average val loss: 0.7884175229478966
2026-09-17 20:02:48,792 INFO Average val acc: 81.36363636363636
2026-09-17 20:02:48,793 INFO Average val loss_parent: 0.1497347498989918
2026-09-17 20:02:48,793 INFO Average val loss_leaf: 0.713550160846419
2026-09-17 20:02:48,793 INFO Average val parent_acc: 94.54545482288708
2026-09-17 20:02:48,793 INFO Average val leaf_acc: 81.36363636363636
2026-09-17 20:02:48,793 INFO Average val consistency: 79.54545482288708
2026-09-17 20:02:48,793 INFO Average val local_known_acceptance: 88.18181818181819
2026-09-17 20:02:48,793 INFO ======
2026-09-17 20:02:48,793 INFO Best result: 89.0909090909091; epoch result: 81.36363636363636
2026-09-17 20:02:51,693 INFO ======
2026-09-17 20:03:10,448 INFO === train epoch 33 ===
2026-09-17 20:03:10,449 INFO Average train loss: 0.5449485082924366
2026-09-17 20:03:10,449 INFO Average train acc: 98.25
2026-09-17 20:03:10,449 INFO Average train loss_ndtl: 0.10189490542165004
2026-09-17 20:03:10,450 INFO Average train loss_ncl: 0.055608147321472644
2026-09-17 20:03:10,450 INFO Average train loss_cons: 0.02266374824102968
2026-09-17 20:03:10,450 INFO Average train loss_rank: 0.016461886148899794
2026-09-17 20:03:10,450 INFO Average train loss_child_known: 0.004751658216118813
2026-09-17 20:03:10,451 INFO Average train loss_child_novel: 0.002326018139719963
2026-09-17 20:03:10,451 INFO Average train loss_pceg: 0.0017519531585276126
2026-09-17 20:03:10,451 INFO Average train rank_branch_count: 1.3
2026-09-17 20:03:10,451 INFO Average train loss_root: 0.005068527357652783
2026-09-17 20:03:10,451 INFO Average train loss_oe: 0.0
2026-09-17 20:03:10,451 INFO Average train loss_local_unknown: 0.0645762741487124
2026-09-17 20:03:10,452 INFO Average train loss_tax_contrast: 1.3651565462350845
2026-09-17 20:03:10,452 INFO Average train loss_sibling_boundary: 0.0
2026-09-17 20:03:10,452 INFO Average train sibling_boundary_pair_count: 0.0
2026-09-17 20:03:10,452 INFO Average train sibling_boundary_margin: 0
2026-09-17 20:03:10,452 INFO Average train root_known_score: 0.3031815439462662
2026-09-17 20:03:10,452 INFO Average train known_child_score: 0.3195824755728245
2026-09-17 20:03:10,452 INFO Average train pseudo_child_score: 0.2363124020397663
2026-09-17 20:03:10,453 INFO Average train pseudo_pceg: 0.06902378998696804
2026-09-17 20:03:10,453 INFO Average train local_known_margin: 6.829140487909317
2026-09-17 20:03:10,453 INFO Average train local_pseudo_margin: 5.898300042152405
2026-09-17 20:03:10,453 INFO Average train novelty_weight_scale: 1.0
2026-09-17 20:03:10,453 INFO Average train parent_acc: 97.4375
2026-09-17 20:03:10,453 INFO Average train leaf_acc: 98.25
2026-09-17 20:03:10,453 INFO Average train open_acc: 97.0625
2026-09-17 20:03:10,454 INFO Average train consistency: 96.0
2026-09-17 20:03:10,454 INFO Average train pseudo_rate: 32.5
2026-09-17 20:03:10,454 INFO ======
2026-09-17 20:03:13,420 INFO === val epoch 33 ===
2026-09-17 20:03:13,420 INFO Average val loss: 0.5465447303246368
2026-09-17 20:03:13,420 INFO Average val acc: 84.54545454545455
2026-09-17 20:03:13,421 INFO Average val loss_parent: 0.1582954068837518
2026-09-17 20:03:13,421 INFO Average val loss_leaf: 0.4673970348709686
2026-09-17 20:03:13,421 INFO Average val parent_acc: 94.09090936834161
2026-09-17 20:03:13,422 INFO Average val leaf_acc: 84.54545454545455
2026-09-17 20:03:13,422 INFO Average val consistency: 81.3636366410689
2026-09-17 20:03:13,422 INFO Average val local_known_acceptance: 93.63636363636364
2026-09-17 20:03:13,422 INFO ======
2026-09-17 20:03:13,422 INFO Best result: 89.0909090909091; epoch result: 84.54545454545455
2026-09-17 20:03:16,531 INFO ======
2026-09-17 20:03:35,213 INFO === train epoch 34 ===
2026-09-17 20:03:35,213 INFO Average train loss: 0.5620795521140098
2026-09-17 20:03:35,213 INFO Average train acc: 97.625
2026-09-17 20:03:35,213 INFO Average train loss_ndtl: 0.1330224096251186
2026-09-17 20:03:35,213 INFO Average train loss_ncl: 0.061671015314932444
2026-09-17 20:03:35,214 INFO Average train loss_cons: 0.019667176085113168
2026-09-17 20:03:35,214 INFO Average train loss_rank: 0.01826615858823061
2026-09-17 20:03:35,214 INFO Average train loss_child_known: 0.005241687381640076
2026-09-17 20:03:35,214 INFO Average train loss_child_novel: 0.0019092341512441636
2026-09-17 20:03:35,214 INFO Average train loss_pceg: 0.002080747876316309
2026-09-17 20:03:35,214 INFO Average train rank_branch_count: 1.325
2026-09-17 20:03:35,214 INFO Average train loss_root: 0.004412232302129269
2026-09-17 20:03:35,214 INFO Average train loss_oe: 0.0
2026-09-17 20:03:35,214 INFO Average train loss_local_unknown: 0.07006062480337277
2026-09-17 20:03:35,214 INFO Average train loss_tax_contrast: 1.2754014843702317
2026-09-17 20:03:35,215 INFO Average train loss_sibling_boundary: 0.0
2026-09-17 20:03:35,215 INFO Average train sibling_boundary_pair_count: 0.0
2026-09-17 20:03:35,215 INFO Average train sibling_boundary_margin: 0
2026-09-17 20:03:35,215 INFO Average train root_known_score: 0.29901442512869836
2026-09-17 20:03:35,215 INFO Average train known_child_score: 0.3175767107307911
2026-09-17 20:03:35,215 INFO Average train pseudo_child_score: 0.24144813150167466
2026-09-17 20:03:35,215 INFO Average train pseudo_pceg: 0.06586424173787236
2026-09-17 20:03:35,215 INFO Average train local_known_margin: 6.97562751531601
2026-09-17 20:03:35,215 INFO Average train local_pseudo_margin: 6.370192093849182
2026-09-17 20:03:35,215 INFO Average train novelty_weight_scale: 1.0
2026-09-17 20:03:35,215 INFO Average train parent_acc: 97.5
2026-09-17 20:03:35,215 INFO Average train leaf_acc: 97.625
2026-09-17 20:03:35,215 INFO Average train open_acc: 96.4375
2026-09-17 20:03:35,215 INFO Average train consistency: 96.0
2026-09-17 20:03:35,216 INFO Average train pseudo_rate: 33.125
2026-09-17 20:03:35,216 INFO ======
2026-09-17 20:03:38,177 INFO === val epoch 34 ===
2026-09-17 20:03:38,177 INFO Average val loss: 0.6117286907339637
2026-09-17 20:03:38,177 INFO Average val acc: 83.63636363636364
2026-09-17 20:03:38,177 INFO Average val loss_parent: 0.2455188493498347
2026-09-17 20:03:38,177 INFO Average val loss_leaf: 0.4889692714268511
2026-09-17 20:03:38,178 INFO Average val parent_acc: 91.81818181818181
2026-09-17 20:03:38,178 INFO Average val leaf_acc: 83.63636363636364
2026-09-17 20:03:38,178 INFO Average val consistency: 79.54545454545455
2026-09-17 20:03:38,178 INFO Average val local_known_acceptance: 88.63636363636364
2026-09-17 20:03:38,178 INFO ======
2026-09-17 20:03:38,178 INFO Best result: 89.0909090909091; epoch result: 83.63636363636364
2026-09-17 20:03:40,784 INFO ======
2026-09-17 20:03:59,363 INFO === train epoch 35 ===
2026-09-17 20:03:59,363 INFO Average train loss: 0.5774558119475841
2026-09-17 20:03:59,364 INFO Average train acc: 96.625
2026-09-17 20:03:59,365 INFO Average train loss_ndtl: 0.12213640799396672
2026-09-17 20:03:59,365 INFO Average train loss_ncl: 0.05174572661402635
2026-09-17 20:03:59,365 INFO Average train loss_cons: 0.031586176122336836
2026-09-17 20:03:59,365 INFO Average train loss_rank: 0.02131830357015133
2026-09-17 20:03:59,365 INFO Average train loss_child_known: 0.005129767498001456
2026-09-17 20:03:59,365 INFO Average train loss_child_novel: 0.004504511207342148
2026-09-17 20:03:59,365 INFO Average train loss_pceg: 0.0018589012790471316
2026-09-17 20:03:59,365 INFO Average train rank_branch_count: 1.355
2026-09-17 20:03:59,365 INFO Average train loss_root: 0.004298869203776121
2026-09-17 20:03:59,366 INFO Average train loss_oe: 0.0
2026-09-17 20:03:59,366 INFO Average train loss_local_unknown: 0.07786017631682625
2026-09-17 20:03:59,366 INFO Average train loss_tax_contrast: 1.3564055424928665
2026-09-17 20:03:59,366 INFO Average train loss_sibling_boundary: 0.0
2026-09-17 20:03:59,366 INFO Average train sibling_boundary_pair_count: 0.0
2026-09-17 20:03:59,366 INFO Average train sibling_boundary_margin: 0
2026-09-17 20:03:59,366 INFO Average train root_known_score: 0.3028321972489357
2026-09-17 20:03:59,366 INFO Average train known_child_score: 0.3156179019808769
2026-09-17 20:03:59,366 INFO Average train pseudo_child_score: 0.24598204210400582
2026-09-17 20:03:59,366 INFO Average train pseudo_pceg: 0.07028288342058658
2026-09-17 20:03:59,366 INFO Average train local_known_margin: 7.421746454238892
2026-09-17 20:03:59,366 INFO Average train local_pseudo_margin: 6.0867282676696775
2026-09-17 20:03:59,366 INFO Average train novelty_weight_scale: 1.0
2026-09-17 20:03:59,366 INFO Average train parent_acc: 97.1875
2026-09-17 20:03:59,367 INFO Average train leaf_acc: 96.625
2026-09-17 20:03:59,367 INFO Average train open_acc: 96.1875
2026-09-17 20:03:59,367 INFO Average train consistency: 94.375
2026-09-17 20:03:59,367 INFO Average train pseudo_rate: 33.875
2026-09-17 20:03:59,367 INFO ======
2026-09-17 20:04:02,326 INFO === val epoch 35 ===
2026-09-17 20:04:02,326 INFO Average val loss: 0.7282162198288874
2026-09-17 20:04:02,327 INFO Average val acc: 82.27272727272727
2026-09-17 20:04:02,327 INFO Average val loss_parent: 0.2801871942864223
2026-09-17 20:04:02,327 INFO Average val loss_leaf: 0.588122625107115
2026-09-17 20:04:02,327 INFO Average val parent_acc: 91.81818209561435
2026-09-17 20:04:02,328 INFO Average val leaf_acc: 82.27272727272727
2026-09-17 20:04:02,328 INFO Average val consistency: 78.1818184592507
2026-09-17 20:04:02,328 INFO Average val local_known_acceptance: 90.0
2026-09-17 20:04:02,328 INFO ======
2026-09-17 20:04:02,328 INFO Best result: 89.0909090909091; epoch result: 82.27272727272727
2026-09-17 20:04:05,147 INFO ======
2026-09-17 20:04:23,556 INFO === train epoch 36 ===
2026-09-17 20:04:23,557 INFO Average train loss: 0.5180817846208811
2026-09-17 20:04:23,557 INFO Average train acc: 98.1875
2026-09-17 20:04:23,557 INFO Average train loss_ndtl: 0.10710050508962013
2026-09-17 20:04:23,557 INFO Average train loss_ncl: 0.05561654417280806
2026-09-17 20:04:23,558 INFO Average train loss_cons: 0.020657138154556377
2026-09-17 20:04:23,558 INFO Average train loss_rank: 0.015537167843431234
2026-09-17 20:04:23,558 INFO Average train loss_child_known: 0.0059591624792665245
2026-09-17 20:04:23,558 INFO Average train loss_child_novel: 0.0010481642186641693
2026-09-17 20:04:23,558 INFO Average train loss_pceg: 0.0009776827227324248
2026-09-17 20:04:23,558 INFO Average train rank_branch_count: 1.365
2026-09-17 20:04:23,558 INFO Average train loss_root: 0.006401234734803438
2026-09-17 20:04:23,558 INFO Average train loss_oe: 0.0
2026-09-17 20:04:23,558 INFO Average train loss_local_unknown: 0.06060373113326932
2026-09-17 20:04:23,558 INFO Average train loss_tax_contrast: 1.256093961596489
2026-09-17 20:04:23,558 INFO Average train loss_sibling_boundary: 0.0
2026-09-17 20:04:23,558 INFO Average train sibling_boundary_pair_count: 0.0
2026-09-17 20:04:23,559 INFO Average train sibling_boundary_margin: 0
2026-09-17 20:04:23,559 INFO Average train root_known_score: 0.2959283000230789
2026-09-17 20:04:23,559 INFO Average train known_child_score: 0.315493975430727
2026-09-17 20:04:23,559 INFO Average train pseudo_child_score: 0.23193287096917628
2026-09-17 20:04:23,559 INFO Average train pseudo_pceg: 0.07343618119135499
2026-09-17 20:04:23,559 INFO Average train local_known_margin: 7.290837960243225
2026-09-17 20:04:23,559 INFO Average train local_pseudo_margin: 6.891655929088593
2026-09-17 20:04:23,559 INFO Average train novelty_weight_scale: 1.0
2026-09-17 20:04:23,559 INFO Average train parent_acc: 98.0
2026-09-17 20:04:23,559 INFO Average train leaf_acc: 98.1875
2026-09-17 20:04:23,559 INFO Average train open_acc: 96.875
2026-09-17 20:04:23,559 INFO Average train consistency: 96.5
2026-09-17 20:04:23,559 INFO Average train pseudo_rate: 34.125
2026-09-17 20:04:23,559 INFO ======
2026-09-17 20:04:26,521 INFO === val epoch 36 ===
2026-09-17 20:04:26,522 INFO Average val loss: 0.6765839618884705
2026-09-17 20:04:26,522 INFO Average val acc: 83.18181818181819
2026-09-17 20:04:26,522 INFO Average val loss_parent: 0.17236547572961586
2026-09-17 20:04:26,522 INFO Average val loss_leaf: 0.5904012195808305
2026-09-17 20:04:26,522 INFO Average val parent_acc: 93.63636363636364
2026-09-17 20:04:26,522 INFO Average val leaf_acc: 83.18181818181819
2026-09-17 20:04:26,523 INFO Average val consistency: 80.45454545454545
2026-09-17 20:04:26,523 INFO Average val local_known_acceptance: 95.9090909090909
2026-09-17 20:04:26,523 INFO ======
2026-09-17 20:04:26,523 INFO Best result: 89.0909090909091; epoch result: 83.18181818181819
2026-09-17 20:04:29,318 INFO ======
2026-09-17 20:04:48,196 INFO === train epoch 37 ===
2026-09-17 20:04:48,196 INFO Average train loss: 0.5581742231547833
2026-09-17 20:04:48,196 INFO Average train acc: 98.375
2026-09-17 20:04:48,196 INFO Average train loss_ndtl: 0.12004820305039175
2026-09-17 20:04:48,196 INFO Average train loss_ncl: 0.06532379634081735
2026-09-17 20:04:48,197 INFO Average train loss_cons: 0.027500039810183806
2026-09-17 20:04:48,197 INFO Average train loss_rank: 0.012726531717926265
2026-09-17 20:04:48,197 INFO Average train loss_child_known: 0.004821601184085011
2026-09-17 20:04:48,197 INFO Average train loss_child_novel: 0.0010922056809067725
2026-09-17 20:04:48,197 INFO Average train loss_pceg: 0.00035692068748176096
2026-09-17 20:04:48,198 INFO Average train rank_branch_count: 1.38
2026-09-17 20:04:48,198 INFO Average train loss_root: 0.00473184110596776
2026-09-17 20:04:48,198 INFO Average train loss_oe: 0.0
2026-09-17 20:04:48,198 INFO Average train loss_local_unknown: 0.07302882202168803
2026-09-17 20:04:48,198 INFO Average train loss_tax_contrast: 1.2978305953741074
2026-09-17 20:04:48,198 INFO Average train loss_sibling_boundary: 0.0
2026-09-17 20:04:48,199 INFO Average train sibling_boundary_pair_count: 0.0
2026-09-17 20:04:48,199 INFO Average train sibling_boundary_margin: 0
2026-09-17 20:04:48,199 INFO Average train root_known_score: 0.3017359110713005
2026-09-17 20:04:48,199 INFO Average train known_child_score: 0.318908312022686
2026-09-17 20:04:48,199 INFO Average train pseudo_child_score: 0.22665299087762833
2026-09-17 20:04:48,199 INFO Average train pseudo_pceg: 0.08550170646980405
2026-09-17 20:04:48,199 INFO Average train local_known_margin: 6.7466428399086
2026-09-17 20:04:48,199 INFO Average train local_pseudo_margin: 6.704633805751801
2026-09-17 20:04:48,199 INFO Average train novelty_weight_scale: 1.0
2026-09-17 20:04:48,199 INFO Average train parent_acc: 97.25
2026-09-17 20:04:48,199 INFO Average train leaf_acc: 98.375
2026-09-17 20:04:48,199 INFO Average train open_acc: 97.0625
2026-09-17 20:04:48,199 INFO Average train consistency: 95.75
2026-09-17 20:04:48,199 INFO Average train pseudo_rate: 34.5
2026-09-17 20:04:48,200 INFO ======
2026-09-17 20:04:51,158 INFO === val epoch 37 ===
2026-09-17 20:04:51,159 INFO Average val loss: 0.5452139596031471
2026-09-17 20:04:51,159 INFO Average val acc: 86.81818181818181
2026-09-17 20:04:51,160 INFO Average val loss_parent: 0.18458288389850747
2026-09-17 20:04:51,160 INFO Average val loss_leaf: 0.4529225153848529
2026-09-17 20:04:51,160 INFO Average val parent_acc: 93.18181818181819
2026-09-17 20:04:51,161 INFO Average val leaf_acc: 86.81818181818181
2026-09-17 20:04:51,161 INFO Average val consistency: 82.72727272727273
2026-09-17 20:04:51,161 INFO Average val local_known_acceptance: 96.81818181818181
2026-09-17 20:04:51,161 INFO ======
2026-09-17 20:04:51,161 INFO Best result: 89.0909090909091; epoch result: 86.81818181818181
2026-09-17 20:04:54,046 INFO ======
2026-09-17 20:05:12,624 INFO === train epoch 38 ===
2026-09-17 20:05:12,625 INFO Average train loss: 0.6469445995986461
2026-09-17 20:05:12,625 INFO Average train acc: 97.0
2026-09-17 20:05:12,625 INFO Average train loss_ndtl: 0.1593194492548355
2026-09-17 20:05:12,625 INFO Average train loss_ncl: 0.04598787357012043
2026-09-17 20:05:12,625 INFO Average train loss_cons: 0.028268264099424414
2026-09-17 20:05:12,625 INFO Average train loss_rank: 0.020069337021559476
2026-09-17 20:05:12,625 INFO Average train loss_child_known: 0.006602311618626118
2026-09-17 20:05:12,625 INFO Average train loss_child_novel: 0.0026933743432164194
2026-09-17 20:05:12,626 INFO Average train loss_pceg: 0.0021207306440919637
2026-09-17 20:05:12,626 INFO Average train rank_branch_count: 1.33
2026-09-17 20:05:12,626 INFO Average train loss_root: 0.006147179026156664
2026-09-17 20:05:12,626 INFO Average train loss_oe: 0.0
2026-09-17 20:05:12,627 INFO Average train loss_local_unknown: 0.10712148261765833
2026-09-17 20:05:12,627 INFO Average train loss_tax_contrast: 1.3840202766656875
2026-09-17 20:05:12,627 INFO Average train loss_sibling_boundary: 0.0
2026-09-17 20:05:12,627 INFO Average train sibling_boundary_pair_count: 0.0
2026-09-17 20:05:12,627 INFO Average train sibling_boundary_margin: 0
2026-09-17 20:05:12,627 INFO Average train root_known_score: 0.2964039731025696
2026-09-17 20:05:12,627 INFO Average train known_child_score: 0.3095677174627781
2026-09-17 20:05:12,627 INFO Average train pseudo_child_score: 0.23892549969255925
2026-09-17 20:05:12,627 INFO Average train pseudo_pceg: 0.07410555439069867
2026-09-17 20:05:12,627 INFO Average train local_known_margin: 6.846156761646271
2026-09-17 20:05:12,628 INFO Average train local_pseudo_margin: 5.737490028142929
2026-09-17 20:05:12,628 INFO Average train novelty_weight_scale: 1.0
2026-09-17 20:05:12,628 INFO Average train parent_acc: 97.625
2026-09-17 20:05:12,628 INFO Average train leaf_acc: 97.0
2026-09-17 20:05:12,628 INFO Average train open_acc: 94.9375
2026-09-17 20:05:12,628 INFO Average train consistency: 94.9375
2026-09-17 20:05:12,628 INFO Average train pseudo_rate: 33.25
2026-09-17 20:05:12,628 INFO ======
2026-09-17 20:05:15,568 INFO === val epoch 38 ===
2026-09-17 20:05:15,568 INFO Average val loss: 0.44413883941121063
2026-09-17 20:05:15,569 INFO Average val acc: 87.72727272727273
2026-09-17 20:05:15,569 INFO Average val loss_parent: 0.17930439929054542
2026-09-17 20:05:15,569 INFO Average val loss_leaf: 0.35448664141850633
2026-09-17 20:05:15,569 INFO Average val parent_acc: 93.63636363636364
2026-09-17 20:05:15,569 INFO Average val leaf_acc: 87.72727272727273
2026-09-17 20:05:15,569 INFO Average val consistency: 85.45454545454545
2026-09-17 20:05:15,570 INFO Average val local_known_acceptance: 90.0
2026-09-17 20:05:15,570 INFO ======
2026-09-17 20:05:15,570 INFO Best result: 89.0909090909091; epoch result: 87.72727272727273
2026-09-17 20:05:18,388 INFO ======
2026-09-17 20:05:36,585 INFO === train epoch 39 ===
2026-09-17 20:05:36,585 INFO Average train loss: 0.5607237720489502
2026-09-17 20:05:36,586 INFO Average train acc: 97.25
2026-09-17 20:05:36,586 INFO Average train loss_ndtl: 0.12443745927739655
2026-09-17 20:05:36,586 INFO Average train loss_ncl: 0.08161319905688287
2026-09-17 20:05:36,586 INFO Average train loss_cons: 0.023574145374441288
2026-09-17 20:05:36,586 INFO Average train loss_rank: 0.01949878261424601
2026-09-17 20:05:36,586 INFO Average train loss_child_known: 0.006669510845094919
2026-09-17 20:05:36,587 INFO Average train loss_child_novel: 0.00240426130592823
2026-09-17 20:05:36,587 INFO Average train loss_pceg: 0.00031292072497308255
2026-09-17 20:05:36,587 INFO Average train rank_branch_count: 1.32
2026-09-17 20:05:36,587 INFO Average train loss_root: 0.005934200240299106
2026-09-17 20:05:36,588 INFO Average train loss_oe: 0.0
2026-09-17 20:05:36,588 INFO Average train loss_local_unknown: 0.06774058790775599
2026-09-17 20:05:36,588 INFO Average train loss_tax_contrast: 1.269554029107094
2026-09-17 20:05:36,588 INFO Average train loss_sibling_boundary: 0.0
2026-09-17 20:05:36,588 INFO Average train sibling_boundary_pair_count: 0.0
2026-09-17 20:05:36,588 INFO Average train sibling_boundary_margin: 0
2026-09-17 20:05:36,588 INFO Average train root_known_score: 0.3005014206469059
2026-09-17 20:05:36,588 INFO Average train known_child_score: 0.3122967268526554
2026-09-17 20:05:36,588 INFO Average train pseudo_child_score: 0.2306349578499794
2026-09-17 20:05:36,588 INFO Average train pseudo_pceg: 0.09048181321471929
2026-09-17 20:05:36,588 INFO Average train local_known_margin: 6.818868908882141
2026-09-17 20:05:36,588 INFO Average train local_pseudo_margin: 7.411343748569489
2026-09-17 20:05:36,588 INFO Average train novelty_weight_scale: 1.0
2026-09-17 20:05:36,589 INFO Average train parent_acc: 97.75
2026-09-17 20:05:36,589 INFO Average train leaf_acc: 97.25
2026-09-17 20:05:36,589 INFO Average train open_acc: 96.9375
2026-09-17 20:05:36,589 INFO Average train consistency: 95.5625
2026-09-17 20:05:36,589 INFO Average train pseudo_rate: 33.0
2026-09-17 20:05:36,589 INFO ======
2026-09-17 20:05:39,549 INFO === val epoch 39 ===
2026-09-17 20:05:39,549 INFO Average val loss: 0.408943414772776
2026-09-17 20:05:39,549 INFO Average val acc: 90.0
2026-09-17 20:05:39,549 INFO Average val loss_parent: 0.15013606573709032
2026-09-17 20:05:39,550 INFO Average val loss_leaf: 0.33387537568130277
2026-09-17 20:05:39,550 INFO Average val parent_acc: 95.9090909090909
2026-09-17 20:05:39,550 INFO Average val leaf_acc: 90.0
2026-09-17 20:05:39,550 INFO Average val consistency: 88.63636363636364
2026-09-17 20:05:39,550 INFO Average val local_known_acceptance: 92.72727272727273
2026-09-17 20:05:39,550 INFO ======
2026-09-17 20:05:39,550 INFO Best result: 89.0909090909091; epoch result: 90.0
2026-09-17 20:05:44,554 INFO ======
2026-09-17 20:06:03,088 INFO === train epoch 40 ===
2026-09-17 20:06:03,089 INFO Average train loss: 0.4837103997170925
2026-09-17 20:06:03,089 INFO Average train acc: 98.75
2026-09-17 20:06:03,089 INFO Average train loss_ndtl: 0.08094974799314514
2026-09-17 20:06:03,089 INFO Average train loss_ncl: 0.03971648720573285
2026-09-17 20:06:03,089 INFO Average train loss_cons: 0.016305411259454557
2026-09-17 20:06:03,090 INFO Average train loss_rank: 0.014001364205032587
2026-09-17 20:06:03,090 INFO Average train loss_child_known: 0.0045565295498818156
2026-09-17 20:06:03,090 INFO Average train loss_child_novel: 0.0014395395666360856
2026-09-17 20:06:03,090 INFO Average train loss_pceg: 0.000970912566408515
2026-09-17 20:06:03,090 INFO Average train rank_branch_count: 1.315
2026-09-17 20:06:03,091 INFO Average train loss_root: 0.0045992015115916725
2026-09-17 20:06:03,091 INFO Average train loss_oe: 0.0
2026-09-17 20:06:03,091 INFO Average train loss_local_unknown: 0.0476657060638172
2026-09-17 20:06:03,091 INFO Average train loss_tax_contrast: 1.311265493631363
2026-09-17 20:06:03,091 INFO Average train loss_sibling_boundary: 0.0
2026-09-17 20:06:03,091 INFO Average train sibling_boundary_pair_count: 0.0
2026-09-17 20:06:03,091 INFO Average train sibling_boundary_margin: 0
2026-09-17 20:06:03,091 INFO Average train root_known_score: 0.301430077701807
2026-09-17 20:06:03,091 INFO Average train known_child_score: 0.3184937445819378
2026-09-17 20:06:03,091 INFO Average train pseudo_child_score: 0.23835636295378207
2026-09-17 20:06:03,091 INFO Average train pseudo_pceg: 0.07899950742721558
2026-09-17 20:06:03,091 INFO Average train local_known_margin: 7.607705651521683
2026-09-17 20:06:03,091 INFO Average train local_pseudo_margin: 6.981287708282471
2026-09-17 20:06:03,091 INFO Average train novelty_weight_scale: 1.0
2026-09-17 20:06:03,092 INFO Average train parent_acc: 98.0
2026-09-17 20:06:03,092 INFO Average train leaf_acc: 98.75
2026-09-17 20:06:03,092 INFO Average train open_acc: 97.8125
2026-09-17 20:06:03,092 INFO Average train consistency: 96.9375
2026-09-17 20:06:03,092 INFO Average train pseudo_rate: 32.875
2026-09-17 20:06:03,092 INFO ======
2026-09-17 20:06:06,034 INFO === val epoch 40 ===
2026-09-17 20:06:06,035 INFO Average val loss: 0.4185402276671746
2026-09-17 20:06:06,035 INFO Average val acc: 90.9090909090909
2026-09-17 20:06:06,035 INFO Average val loss_parent: 0.16980462557720868
2026-09-17 20:06:06,035 INFO Average val loss_leaf: 0.3336379167835482
2026-09-17 20:06:06,035 INFO Average val parent_acc: 95.0
2026-09-17 20:06:06,037 INFO Average val leaf_acc: 90.9090909090909
2026-09-17 20:06:06,037 INFO Average val consistency: 88.63636363636364
2026-09-17 20:06:06,037 INFO Average val local_known_acceptance: 92.27272727272727
2026-09-17 20:06:06,037 INFO ======
2026-09-17 20:06:06,037 INFO Best result: 90.0; epoch result: 90.9090909090909
2026-09-17 20:06:12,149 INFO ======
2026-09-17 20:06:30,907 INFO === train epoch 41 ===
2026-09-17 20:06:30,908 INFO Average train loss: 0.511608460471034
2026-09-17 20:06:30,908 INFO Average train acc: 98.8125
2026-09-17 20:06:30,908 INFO Average train loss_ndtl: 0.09760685671819375
2026-09-17 20:06:30,908 INFO Average train loss_ncl: 0.0432856177490612
2026-09-17 20:06:30,908 INFO Average train loss_cons: 0.021247698827041857
2026-09-17 20:06:30,908 INFO Average train loss_rank: 0.01182246521115303
2026-09-17 20:06:30,908 INFO Average train loss_child_known: 0.0051297607645392415
2026-09-17 20:06:30,908 INFO Average train loss_child_novel: 0.0010040269419550895
2026-09-17 20:06:30,908 INFO Average train loss_pceg: 0.0009174732398241758
2026-09-17 20:06:30,908 INFO Average train rank_branch_count: 1.345
2026-09-17 20:06:30,908 INFO Average train loss_root: 0.0034618608746677638
2026-09-17 20:06:30,909 INFO Average train loss_oe: 0.0
2026-09-17 20:06:30,909 INFO Average train loss_local_unknown: 0.062418980959701005
2026-09-17 20:06:30,909 INFO Average train loss_tax_contrast: 1.2918742841482163
2026-09-17 20:06:30,909 INFO Average train loss_sibling_boundary: 0.0
2026-09-17 20:06:30,909 INFO Average train sibling_boundary_pair_count: 0.0
2026-09-17 20:06:30,909 INFO Average train sibling_boundary_margin: 0
2026-09-17 20:06:30,909 INFO Average train root_known_score: 0.3048549550771713
2026-09-17 20:06:30,909 INFO Average train known_child_score: 0.3188502633571625
2026-09-17 20:06:30,910 INFO Average train pseudo_child_score: 0.2308350969105959
2026-09-17 20:06:30,910 INFO Average train pseudo_pceg: 0.07705772414803505
2026-09-17 20:06:30,910 INFO Average train local_known_margin: 7.375232851505279
2026-09-17 20:06:30,910 INFO Average train local_pseudo_margin: 5.876098790168762
2026-09-17 20:06:30,910 INFO Average train novelty_weight_scale: 1.0
2026-09-17 20:06:30,910 INFO Average train parent_acc: 98.375
2026-09-17 20:06:30,910 INFO Average train leaf_acc: 98.8125
2026-09-17 20:06:30,910 INFO Average train open_acc: 97.1875
2026-09-17 20:06:30,910 INFO Average train consistency: 97.4375
2026-09-17 20:06:30,910 INFO Average train pseudo_rate: 33.625
2026-09-17 20:06:30,910 INFO ======
2026-09-17 20:06:33,863 INFO === val epoch 41 ===
2026-09-17 20:06:33,863 INFO Average val loss: 0.5542825364931063
2026-09-17 20:06:33,864 INFO Average val acc: 86.81818181818181
2026-09-17 20:06:33,864 INFO Average val loss_parent: 0.2650340496139093
2026-09-17 20:06:33,864 INFO Average val loss_leaf: 0.42176551512992855
2026-09-17 20:06:33,864 INFO Average val parent_acc: 91.36363636363636
2026-09-17 20:06:33,865 INFO Average val leaf_acc: 86.81818181818181
2026-09-17 20:06:33,865 INFO Average val consistency: 81.36363636363636
2026-09-17 20:06:33,865 INFO Average val local_known_acceptance: 95.0
2026-09-17 20:06:33,865 INFO ======
2026-09-17 20:06:33,865 INFO Best result: 90.9090909090909; epoch result: 86.81818181818181
2026-09-17 20:06:36,903 INFO ======
2026-09-17 20:06:55,676 INFO === train epoch 42 ===
2026-09-17 20:06:55,677 INFO Average train loss: 0.49546053022146225
2026-09-17 20:06:55,677 INFO Average train acc: 98.0625
2026-09-17 20:06:55,677 INFO Average train loss_ndtl: 0.0976628963771509
2026-09-17 20:06:55,677 INFO Average train loss_ncl: 0.050174671554996164
2026-09-17 20:06:55,678 INFO Average train loss_cons: 0.02329851512939058
2026-09-17 20:06:55,678 INFO Average train loss_rank: 0.018097127582877875
2026-09-17 20:06:55,678 INFO Average train loss_child_known: 0.007683560848236084
2026-09-17 20:06:55,678 INFO Average train loss_child_novel: 0.001837940104305744
2026-09-17 20:06:55,678 INFO Average train loss_pceg: 0.0002877695206552744
2026-09-17 20:06:55,678 INFO Average train rank_branch_count: 1.285
2026-09-17 20:06:55,678 INFO Average train loss_root: 0.0065940039791166786
2026-09-17 20:06:55,678 INFO Average train loss_oe: 0.0
2026-09-17 20:06:55,678 INFO Average train loss_local_unknown: 0.053765748153309686
2026-09-17 20:06:55,678 INFO Average train loss_tax_contrast: 1.2361069387197494
2026-09-17 20:06:55,678 INFO Average train loss_sibling_boundary: 0.0
2026-09-17 20:06:55,678 INFO Average train sibling_boundary_pair_count: 0.0
2026-09-17 20:06:55,678 INFO Average train sibling_boundary_margin: 0
2026-09-17 20:06:55,678 INFO Average train root_known_score: 0.29667110860347745
2026-09-17 20:06:55,678 INFO Average train known_child_score: 0.3069027404487133
2026-09-17 20:06:55,678 INFO Average train pseudo_child_score: 0.2297301098704338
2026-09-17 20:06:55,679 INFO Average train pseudo_pceg: 0.08662928091362118
2026-09-17 20:06:55,679 INFO Average train local_known_margin: 8.271563956737518
2026-09-17 20:06:55,679 INFO Average train local_pseudo_margin: 7.114353461265564
2026-09-17 20:06:55,679 INFO Average train novelty_weight_scale: 1.0
2026-09-17 20:06:55,679 INFO Average train parent_acc: 97.8125
2026-09-17 20:06:55,679 INFO Average train leaf_acc: 98.0625
2026-09-17 20:06:55,679 INFO Average train open_acc: 97.4375
2026-09-17 20:06:55,679 INFO Average train consistency: 96.25
2026-09-17 20:06:55,679 INFO Average train pseudo_rate: 32.125
2026-09-17 20:06:55,679 INFO ======
2026-09-17 20:06:58,640 INFO === val epoch 42 ===
2026-09-17 20:06:58,640 INFO Average val loss: 0.502971691841429
2026-09-17 20:06:58,640 INFO Average val acc: 88.18181818181819
2026-09-17 20:06:58,641 INFO Average val loss_parent: 0.19062459055672992
2026-09-17 20:06:58,641 INFO Average val loss_leaf: 0.40765939412892543
2026-09-17 20:06:58,641 INFO Average val parent_acc: 95.45454545454545
2026-09-17 20:06:58,641 INFO Average val leaf_acc: 88.18181818181819
2026-09-17 20:06:58,641 INFO Average val consistency: 85.9090909090909
2026-09-17 20:06:58,641 INFO Average val local_known_acceptance: 96.81818181818181
2026-09-17 20:06:58,641 INFO ======
2026-09-17 20:06:58,642 INFO Best result: 90.9090909090909; epoch result: 88.18181818181819
2026-09-17 20:07:01,479 INFO ======
2026-09-17 20:07:20,198 INFO === train epoch 43 ===
2026-09-17 20:07:20,198 INFO Average train loss: 0.5276340255886316
2026-09-17 20:07:20,198 INFO Average train acc: 98.25
2026-09-17 20:07:20,199 INFO Average train loss_ndtl: 0.11894948239612858
2026-09-17 20:07:20,199 INFO Average train loss_ncl: 0.044911487303179454
2026-09-17 20:07:20,199 INFO Average train loss_cons: 0.026182748538194574
2026-09-17 20:07:20,200 INFO Average train loss_rank: 0.012578965518623591
2026-09-17 20:07:20,200 INFO Average train loss_child_known: 0.003937579737976193
2026-09-17 20:07:20,200 INFO Average train loss_child_novel: 0.0016153204068541527
2026-09-17 20:07:20,200 INFO Average train loss_pceg: 0.001652544317767024
2026-09-17 20:07:20,200 INFO Average train rank_branch_count: 1.365
2026-09-17 20:07:20,200 INFO Average train loss_root: 0.005154493115842342
2026-09-17 20:07:20,201 INFO Average train loss_oe: 0.0
2026-09-17 20:07:20,201 INFO Average train loss_local_unknown: 0.06407340869183827
2026-09-17 20:07:20,201 INFO Average train loss_tax_contrast: 1.2553182035684585
2026-09-17 20:07:20,201 INFO Average train loss_sibling_boundary: 0.0
2026-09-17 20:07:20,201 INFO Average train sibling_boundary_pair_count: 0.0
2026-09-17 20:07:20,201 INFO Average train sibling_boundary_margin: 0
2026-09-17 20:07:20,201 INFO Average train root_known_score: 0.30029892712831496
2026-09-17 20:07:20,201 INFO Average train known_child_score: 0.32355396628379823
2026-09-17 20:07:20,201 INFO Average train pseudo_child_score: 0.23187732845544815
2026-09-17 20:07:20,201 INFO Average train pseudo_pceg: 0.07036090891808272
2026-09-17 20:07:20,201 INFO Average train local_known_margin: 7.363359472751617
2026-09-17 20:07:20,201 INFO Average train local_pseudo_margin: 6.635804300308227
2026-09-17 20:07:20,201 INFO Average train novelty_weight_scale: 1.0
2026-09-17 20:07:20,202 INFO Average train parent_acc: 97.4375
2026-09-17 20:07:20,202 INFO Average train leaf_acc: 98.25
2026-09-17 20:07:20,202 INFO Average train open_acc: 96.5625
2026-09-17 20:07:20,202 INFO Average train consistency: 96.0625
2026-09-17 20:07:20,202 INFO Average train pseudo_rate: 34.125
2026-09-17 20:07:20,202 INFO ======
2026-09-17 20:07:23,154 INFO === val epoch 43 ===
2026-09-17 20:07:23,154 INFO Average val loss: 0.6655531880530444
2026-09-17 20:07:23,155 INFO Average val acc: 83.63636363636364
2026-09-17 20:07:23,155 INFO Average val loss_parent: 0.19535674809224227
2026-09-17 20:07:23,155 INFO Average val loss_leaf: 0.5678748232905161
2026-09-17 20:07:23,155 INFO Average val parent_acc: 93.63636363636364
2026-09-17 20:07:23,155 INFO Average val leaf_acc: 83.63636363636364
2026-09-17 20:07:23,155 INFO Average val consistency: 80.9090909090909
2026-09-17 20:07:23,155 INFO Average val local_known_acceptance: 93.18181818181819
2026-09-17 20:07:23,155 INFO ======
2026-09-17 20:07:23,155 INFO Best result: 90.9090909090909; epoch result: 83.63636363636364
2026-09-17 20:07:25,809 INFO ======
2026-09-17 20:07:44,312 INFO === train epoch 44 ===
2026-09-17 20:07:44,312 INFO Average train loss: 0.6019454872608185
2026-09-17 20:07:44,313 INFO Average train acc: 95.75
2026-09-17 20:07:44,313 INFO Average train loss_ndtl: 0.14627819513872964
2026-09-17 20:07:44,313 INFO Average train loss_ncl: 0.04821460145238234
2026-09-17 20:07:44,313 INFO Average train loss_cons: 0.01799586361499678
2026-09-17 20:07:44,313 INFO Average train loss_rank: 0.022661925461143255
2026-09-17 20:07:44,313 INFO Average train loss_child_known: 0.00694409629330039
2026-09-17 20:07:44,313 INFO Average train loss_child_novel: 0.0036433401703834536
2026-09-17 20:07:44,314 INFO Average train loss_pceg: 0.0032557441014796494
2026-09-17 20:07:44,314 INFO Average train rank_branch_count: 1.35
2026-09-17 20:07:44,314 INFO Average train loss_root: 0.007545028328895569
2026-09-17 20:07:44,314 INFO Average train loss_oe: 0.0
2026-09-17 20:07:44,314 INFO Average train loss_local_unknown: 0.09839667285668838
2026-09-17 20:07:44,314 INFO Average train loss_tax_contrast: 1.2840880733728408
2026-09-17 20:07:44,314 INFO Average train loss_sibling_boundary: 0.0
2026-09-17 20:07:44,314 INFO Average train sibling_boundary_pair_count: 0.0
2026-09-17 20:07:44,315 INFO Average train sibling_boundary_margin: 0
2026-09-17 20:07:44,315 INFO Average train root_known_score: 0.29435603082180023
2026-09-17 20:07:44,315 INFO Average train known_child_score: 0.31135698676109314
2026-09-17 20:07:44,315 INFO Average train pseudo_child_score: 0.23633813217282296
2026-09-17 20:07:44,315 INFO Average train pseudo_pceg: 0.06716161413118243
2026-09-17 20:07:44,315 INFO Average train local_known_margin: 7.053805743455887
2026-09-17 20:07:44,315 INFO Average train local_pseudo_margin: 5.996862926483154
2026-09-17 20:07:44,315 INFO Average train novelty_weight_scale: 1.0
2026-09-17 20:07:44,315 INFO Average train parent_acc: 98.625
2026-09-17 20:07:44,315 INFO Average train leaf_acc: 95.75
2026-09-17 20:07:44,315 INFO Average train open_acc: 95.4375
2026-09-17 20:07:44,315 INFO Average train consistency: 94.875
2026-09-17 20:07:44,316 INFO Average train pseudo_rate: 33.75
2026-09-17 20:07:44,316 INFO ======
2026-09-17 20:07:47,261 INFO === val epoch 44 ===
2026-09-17 20:07:47,261 INFO Average val loss: 0.62878660579974
2026-09-17 20:07:47,261 INFO Average val acc: 87.72727272727273
2026-09-17 20:07:47,261 INFO Average val loss_parent: 0.4203348706561056
2026-09-17 20:07:47,261 INFO Average val loss_leaf: 0.4186191675676541
2026-09-17 20:07:47,262 INFO Average val parent_acc: 87.72727272727273
2026-09-17 20:07:47,262 INFO Average val leaf_acc: 87.72727272727273
2026-09-17 20:07:47,262 INFO Average val consistency: 80.0
2026-09-17 20:07:47,262 INFO Average val local_known_acceptance: 90.45454545454545
2026-09-17 20:07:47,262 INFO ======
2026-09-17 20:07:47,262 INFO Best result: 90.9090909090909; epoch result: 87.72727272727273
2026-09-17 20:07:49,930 INFO ======
2026-09-17 20:08:08,608 INFO === train epoch 45 ===
2026-09-17 20:08:08,609 INFO Average train loss: 0.4571121670305729
2026-09-17 20:08:08,609 INFO Average train acc: 98.3125
2026-09-17 20:08:08,609 INFO Average train loss_ndtl: 0.09433596294664312
2026-09-17 20:08:08,609 INFO Average train loss_ncl: 0.05685366109712049
2026-09-17 20:08:08,609 INFO Average train loss_cons: 0.027522141976442073
2026-09-17 20:08:08,609 INFO Average train loss_rank: 0.012419821210205555
2026-09-17 20:08:08,609 INFO Average train loss_child_known: 0.005117933563888073
2026-09-17 20:08:08,609 INFO Average train loss_child_novel: 0.00038519911468029024
2026-09-17 20:08:08,609 INFO Average train loss_pceg: 0.0002499869465827942
2026-09-17 20:08:08,611 INFO Average train rank_branch_count: 1.365
2026-09-17 20:08:08,611 INFO Average train loss_root: 0.006114491187036037
2026-09-17 20:08:08,611 INFO Average train loss_oe: 0.0
2026-09-17 20:08:08,611 INFO Average train loss_local_unknown: 0.05144978620177426
2026-09-17 20:08:08,611 INFO Average train loss_tax_contrast: 1.100260520875454
2026-09-17 20:08:08,611 INFO Average train loss_sibling_boundary: 0.0
2026-09-17 20:08:08,611 INFO Average train sibling_boundary_pair_count: 0.0
2026-09-17 20:08:08,611 INFO Average train sibling_boundary_margin: 0
2026-09-17 20:08:08,611 INFO Average train root_known_score: 0.3000645546615124
2026-09-17 20:08:08,611 INFO Average train known_child_score: 0.31690976202487947
2026-09-17 20:08:08,611 INFO Average train pseudo_child_score: 0.2303845565766096
2026-09-17 20:08:08,611 INFO Average train pseudo_pceg: 0.08382168620824813
2026-09-17 20:08:08,611 INFO Average train local_known_margin: 7.501629939079285
2026-09-17 20:08:08,611 INFO Average train local_pseudo_margin: 6.783182291984558
2026-09-17 20:08:08,612 INFO Average train novelty_weight_scale: 1.0
2026-09-17 20:08:08,612 INFO Average train parent_acc: 97.75
2026-09-17 20:08:08,612 INFO Average train leaf_acc: 98.3125
2026-09-17 20:08:08,612 INFO Average train open_acc: 96.875
2026-09-17 20:08:08,612 INFO Average train consistency: 96.1875
2026-09-17 20:08:08,612 INFO Average train pseudo_rate: 34.125
2026-09-17 20:08:08,612 INFO ======
2026-09-17 20:08:11,567 INFO === val epoch 45 ===
2026-09-17 20:08:11,567 INFO Average val loss: 0.5626663368195295
2026-09-17 20:08:11,567 INFO Average val acc: 88.18181818181819
2026-09-17 20:08:11,568 INFO Average val loss_parent: 0.21824483451518145
2026-09-17 20:08:11,568 INFO Average val loss_leaf: 0.4535439191894098
2026-09-17 20:08:11,568 INFO Average val parent_acc: 93.63636363636364
2026-09-17 20:08:11,568 INFO Average val leaf_acc: 88.18181818181819
2026-09-17 20:08:11,568 INFO Average val consistency: 85.0
2026-09-17 20:08:11,568 INFO Average val local_known_acceptance: 99.0909090909091
2026-09-17 20:08:11,568 INFO ======
2026-09-17 20:08:11,568 INFO Best result: 90.9090909090909; epoch result: 88.18181818181819
2026-09-17 20:08:14,199 INFO ======
2026-09-17 20:08:32,876 INFO === train epoch 46 ===
2026-09-17 20:08:32,876 INFO Average train loss: 0.5422781661897897
2026-09-17 20:08:32,877 INFO Average train acc: 97.8125
2026-09-17 20:08:32,878 INFO Average train loss_ndtl: 0.13088862250791863
2026-09-17 20:08:32,878 INFO Average train loss_ncl: 0.06290729809305048
2026-09-17 20:08:32,878 INFO Average train loss_cons: 0.020923607103723044
2026-09-17 20:08:32,878 INFO Average train loss_rank: 0.01110237391665578
2026-09-17 20:08:32,878 INFO Average train loss_child_known: 0.005063757514581085
2026-09-17 20:08:32,878 INFO Average train loss_child_novel: 0.0007955611497163773
2026-09-17 20:08:32,878 INFO Average train loss_pceg: 0.0005865049548447132
2026-09-17 20:08:32,878 INFO Average train rank_branch_count: 1.345
2026-09-17 20:08:32,879 INFO Average train loss_root: 0.004770171036943794
2026-09-17 20:08:32,879 INFO Average train loss_oe: 0.0
2026-09-17 20:08:32,879 INFO Average train loss_local_unknown: 0.06321973345329752
2026-09-17 20:08:32,879 INFO Average train loss_tax_contrast: 1.2394908639788627
2026-09-17 20:08:32,879 INFO Average train loss_sibling_boundary: 0.0
2026-09-17 20:08:32,879 INFO Average train sibling_boundary_pair_count: 0.0
2026-09-17 20:08:32,879 INFO Average train sibling_boundary_margin: 0
2026-09-17 20:08:32,879 INFO Average train root_known_score: 0.3016846188157797
2026-09-17 20:08:32,880 INFO Average train known_child_score: 0.31842605754733083
2026-09-17 20:08:32,880 INFO Average train pseudo_child_score: 0.22509992778301238
2026-09-17 20:08:32,880 INFO Average train pseudo_pceg: 0.08728998128324747
2026-09-17 20:08:32,880 INFO Average train local_known_margin: 6.961855497360229
2026-09-17 20:08:32,880 INFO Average train local_pseudo_margin: 7.139251725673676
2026-09-17 20:08:32,880 INFO Average train novelty_weight_scale: 1.0
2026-09-17 20:08:32,880 INFO Average train parent_acc: 97.6875
2026-09-17 20:08:32,880 INFO Average train leaf_acc: 97.8125
2026-09-17 20:08:32,880 INFO Average train open_acc: 96.375
2026-09-17 20:08:32,880 INFO Average train consistency: 96.1875
2026-09-17 20:08:32,881 INFO Average train pseudo_rate: 33.625
2026-09-17 20:08:32,881 INFO ======
2026-09-17 20:08:35,836 INFO === val epoch 46 ===
2026-09-17 20:08:35,836 INFO Average val loss: 0.37638232227076185
2026-09-17 20:08:35,836 INFO Average val acc: 91.81818181818181
2026-09-17 20:08:35,836 INFO Average val loss_parent: 0.12461865667931059
2026-09-17 20:08:35,837 INFO Average val loss_leaf: 0.31407299504022707
2026-09-17 20:08:35,837 INFO Average val parent_acc: 96.36363636363636
2026-09-17 20:08:35,838 INFO Average val leaf_acc: 91.81818181818181
2026-09-17 20:08:35,838 INFO Average val consistency: 90.0
2026-09-17 20:08:35,838 INFO Average val local_known_acceptance: 95.0
2026-09-17 20:08:35,838 INFO ======
2026-09-17 20:08:35,838 INFO Best result: 90.9090909090909; epoch result: 91.81818181818181
2026-09-17 20:08:40,922 INFO ======
2026-09-17 20:08:59,407 INFO === train epoch 47 ===
2026-09-17 20:08:59,407 INFO Average train loss: 0.5751711223274469
2026-09-17 20:08:59,407 INFO Average train acc: 96.875
2026-09-17 20:08:59,408 INFO Average train loss_ndtl: 0.14012920864261105
2026-09-17 20:08:59,408 INFO Average train loss_ncl: 0.07012761284015141
2026-09-17 20:08:59,408 INFO Average train loss_cons: 0.032044431833419366
2026-09-17 20:08:59,408 INFO Average train loss_rank: 0.013722783159464598
2026-09-17 20:08:59,408 INFO Average train loss_child_known: 0.006065654512494803
2026-09-17 20:08:59,409 INFO Average train loss_child_novel: 0.0021123337000608445
2026-09-17 20:08:59,409 INFO Average train loss_pceg: 0.0032328919135034082
2026-09-17 20:08:59,409 INFO Average train rank_branch_count: 1.36
2026-09-17 20:08:59,409 INFO Average train loss_root: 0.007996962666511535
2026-09-17 20:08:59,409 INFO Average train loss_oe: 0.0
2026-09-17 20:08:59,409 INFO Average train loss_local_unknown: 0.08388804199446895
2026-09-17 20:08:59,410 INFO Average train loss_tax_contrast: 1.2221848955750465
2026-09-17 20:08:59,410 INFO Average train loss_sibling_boundary: 0.0
2026-09-17 20:08:59,410 INFO Average train sibling_boundary_pair_count: 0.0
2026-09-17 20:08:59,410 INFO Average train sibling_boundary_margin: 0
2026-09-17 20:08:59,410 INFO Average train root_known_score: 0.2925469407439232
2026-09-17 20:08:59,410 INFO Average train known_child_score: 0.31673379316926004
2026-09-17 20:08:59,410 INFO Average train pseudo_child_score: 0.22904364429414273
2026-09-17 20:08:59,410 INFO Average train pseudo_pceg: 0.06502168819308281
2026-09-17 20:08:59,410 INFO Average train local_known_margin: 7.2018501496315
2026-09-17 20:08:59,410 INFO Average train local_pseudo_margin: 6.685224161148072
2026-09-17 20:08:59,410 INFO Average train novelty_weight_scale: 1.0
2026-09-17 20:08:59,410 INFO Average train parent_acc: 96.5
2026-09-17 20:08:59,410 INFO Average train leaf_acc: 96.875
2026-09-17 20:08:59,411 INFO Average train open_acc: 96.0
2026-09-17 20:08:59,411 INFO Average train consistency: 94.0625
2026-09-17 20:08:59,411 INFO Average train pseudo_rate: 34.0
2026-09-17 20:08:59,411 INFO ======
2026-09-17 20:09:02,367 INFO === val epoch 47 ===
2026-09-17 20:09:02,367 INFO Average val loss: 0.5272092793475498
2026-09-17 20:09:02,367 INFO Average val acc: 86.81818181818181
2026-09-17 20:09:02,367 INFO Average val loss_parent: 0.2024406048892574
2026-09-17 20:09:02,367 INFO Average val loss_leaf: 0.42598897838562894
2026-09-17 20:09:02,367 INFO Average val parent_acc: 94.0909090909091
2026-09-17 20:09:02,368 INFO Average val leaf_acc: 86.81818181818181
2026-09-17 20:09:02,368 INFO Average val consistency: 84.0909090909091
2026-09-17 20:09:02,368 INFO Average val local_known_acceptance: 82.27272727272727
2026-09-17 20:09:02,368 INFO ======
2026-09-17 20:09:02,368 INFO Best result: 91.81818181818181; epoch result: 86.81818181818181
2026-09-17 20:09:05,158 INFO ======
2026-09-17 20:09:23,559 INFO === train epoch 48 ===
2026-09-17 20:09:23,559 INFO Average train loss: 0.550153451859951
2026-09-17 20:09:23,559 INFO Average train acc: 97.0625
2026-09-17 20:09:23,560 INFO Average train loss_ndtl: 0.1337994235055521
2026-09-17 20:09:23,560 INFO Average train loss_ncl: 0.07205682242609328
2026-09-17 20:09:23,560 INFO Average train loss_cons: 0.023063563579853508
2026-09-17 20:09:23,560 INFO Average train loss_rank: 0.023552700001746415
2026-09-17 20:09:23,560 INFO Average train loss_child_known: 0.0048956797085702415
2026-09-17 20:09:23,560 INFO Average train loss_child_novel: 0.002638738676905632
2026-09-17 20:09:23,560 INFO Average train loss_pceg: 0.0010057447385042905
2026-09-17 20:09:23,561 INFO Average train rank_branch_count: 1.35
2026-09-17 20:09:23,561 INFO Average train loss_root: 0.004795610383152962
2026-09-17 20:09:23,561 INFO Average train loss_oe: 0.0
2026-09-17 20:09:23,561 INFO Average train loss_local_unknown: 0.08325950727815325
2026-09-17 20:09:23,561 INFO Average train loss_tax_contrast: 1.1436094656586646
2026-09-17 20:09:23,561 INFO Average train loss_sibling_boundary: 0.0
2026-09-17 20:09:23,561 INFO Average train sibling_boundary_pair_count: 0.0
2026-09-17 20:09:23,562 INFO Average train sibling_boundary_margin: 0
2026-09-17 20:09:23,562 INFO Average train root_known_score: 0.30806893184781076
2026-09-17 20:09:23,562 INFO Average train known_child_score: 0.31829429775476453
2026-09-17 20:09:23,562 INFO Average train pseudo_child_score: 0.24173183389008046
2026-09-17 20:09:23,562 INFO Average train pseudo_pceg: 0.08717462103813886
2026-09-17 20:09:23,562 INFO Average train local_known_margin: 7.036800875663757
2026-09-17 20:09:23,562 INFO Average train local_pseudo_margin: 7.145451154708862
2026-09-17 20:09:23,562 INFO Average train novelty_weight_scale: 1.0
2026-09-17 20:09:23,562 INFO Average train parent_acc: 97.75
2026-09-17 20:09:23,562 INFO Average train leaf_acc: 97.0625
2026-09-17 20:09:23,562 INFO Average train open_acc: 96.125
2026-09-17 20:09:23,562 INFO Average train consistency: 95.75
2026-09-17 20:09:23,562 INFO Average train pseudo_rate: 33.75
2026-09-17 20:09:23,563 INFO ======
2026-09-17 20:09:26,536 INFO === val epoch 48 ===
2026-09-17 20:09:26,536 INFO Average val loss: 0.4057046876712279
2026-09-17 20:09:26,537 INFO Average val acc: 89.0909090909091
2026-09-17 20:09:26,537 INFO Average val loss_parent: 0.18115363167175516
2026-09-17 20:09:26,537 INFO Average val loss_leaf: 0.3151278793303804
2026-09-17 20:09:26,537 INFO Average val parent_acc: 93.1818184592507
2026-09-17 20:09:26,537 INFO Average val leaf_acc: 89.0909090909091
2026-09-17 20:09:26,538 INFO Average val consistency: 85.90909118652344
2026-09-17 20:09:26,538 INFO Average val local_known_acceptance: 96.81818181818181
2026-09-17 20:09:26,538 INFO ======
2026-09-17 20:09:26,538 INFO Best result: 91.81818181818181; epoch result: 89.0909090909091
2026-09-17 20:09:29,668 INFO ======
2026-09-17 20:09:48,326 INFO === train epoch 49 ===
2026-09-17 20:09:48,326 INFO Average train loss: 0.6166284725069999
2026-09-17 20:09:48,327 INFO Average train acc: 97.5
2026-09-17 20:09:48,327 INFO Average train loss_ndtl: 0.15495931704295798
2026-09-17 20:09:48,327 INFO Average train loss_ncl: 0.07482522922189673
2026-09-17 20:09:48,327 INFO Average train loss_cons: 0.031218404672054022
2026-09-17 20:09:48,328 INFO Average train loss_rank: 0.011482910122722387
2026-09-17 20:09:48,328 INFO Average train loss_child_known: 0.0030111886095255612
2026-09-17 20:09:48,328 INFO Average train loss_child_novel: 0.0026651694253087043
2026-09-17 20:09:48,328 INFO Average train loss_pceg: 0.004074691385030746
2026-09-17 20:09:48,328 INFO Average train rank_branch_count: 1.33
2026-09-17 20:09:48,329 INFO Average train loss_root: 0.003751422148197889
2026-09-17 20:09:48,329 INFO Average train loss_oe: 0.0
2026-09-17 20:09:48,329 INFO Average train loss_local_unknown: 0.09982321124443842
2026-09-17 20:09:48,329 INFO Average train loss_tax_contrast: 1.2609673246741295
2026-09-17 20:09:48,329 INFO Average train loss_sibling_boundary: 0.0
2026-09-17 20:09:48,329 INFO Average train sibling_boundary_pair_count: 0.0
2026-09-17 20:09:48,329 INFO Average train sibling_boundary_margin: 0
2026-09-17 20:09:48,329 INFO Average train root_known_score: 0.30560755997896194
2026-09-17 20:09:48,329 INFO Average train known_child_score: 0.3272428400814533
2026-09-17 20:09:48,329 INFO Average train pseudo_child_score: 0.2445126500725746
2026-09-17 20:09:48,330 INFO Average train pseudo_pceg: 0.059206851739436385
2026-09-17 20:09:48,330 INFO Average train local_known_margin: 6.8566459774971005
2026-09-17 20:09:48,330 INFO Average train local_pseudo_margin: 5.82626935005188
2026-09-17 20:09:48,330 INFO Average train novelty_weight_scale: 1.0
2026-09-17 20:09:48,330 INFO Average train parent_acc: 96.0625
2026-09-17 20:09:48,330 INFO Average train leaf_acc: 97.5
2026-09-17 20:09:48,330 INFO Average train open_acc: 95.625
2026-09-17 20:09:48,330 INFO Average train consistency: 94.375
2026-09-17 20:09:48,330 INFO Average train pseudo_rate: 33.25
2026-09-17 20:09:48,330 INFO ======
2026-09-17 20:09:51,288 INFO === val epoch 49 ===
2026-09-17 20:09:51,288 INFO Average val loss: 0.4219329957934943
2026-09-17 20:09:51,289 INFO Average val acc: 89.0909090909091
2026-09-17 20:09:51,289 INFO Average val loss_parent: 0.17398136942224068
2026-09-17 20:09:51,289 INFO Average val loss_leaf: 0.3349423156204549
2026-09-17 20:09:51,289 INFO Average val parent_acc: 95.9090909090909
2026-09-17 20:09:51,290 INFO Average val leaf_acc: 89.0909090909091
2026-09-17 20:09:51,290 INFO Average val consistency: 86.36363636363636
2026-09-17 20:09:51,290 INFO Average val local_known_acceptance: 94.0909090909091
2026-09-17 20:09:51,290 INFO ======
2026-09-17 20:09:51,290 INFO Best result: 91.81818181818181; epoch result: 89.0909090909091
2026-09-17 20:09:54,575 INFO ======
2026-09-17 20:10:13,474 INFO === train epoch 50 ===
2026-09-17 20:10:13,475 INFO Average train loss: 0.47427472442388535
2026-09-17 20:10:13,475 INFO Average train acc: 98.25
2026-09-17 20:10:13,475 INFO Average train loss_ndtl: 0.10210204612609232
2026-09-17 20:10:13,476 INFO Average train loss_ncl: 0.05992227937473217
2026-09-17 20:10:13,476 INFO Average train loss_cons: 0.018276133592880797
2026-09-17 20:10:13,476 INFO Average train loss_rank: 0.010210467670112848
2026-09-17 20:10:13,476 INFO Average train loss_child_known: 0.003929615980014205
2026-09-17 20:10:13,476 INFO Average train loss_child_novel: 0.001578027941286564
2026-09-17 20:10:13,476 INFO Average train loss_pceg: 0.0009516359586268663
2026-09-17 20:10:13,476 INFO Average train rank_branch_count: 1.345
2026-09-17 20:10:13,476 INFO Average train loss_root: 0.004460920365527272
2026-09-17 20:10:13,476 INFO Average train loss_oe: 0.0
2026-09-17 20:10:13,476 INFO Average train loss_local_unknown: 0.06116203995778051
2026-09-17 20:10:13,476 INFO Average train loss_tax_contrast: 1.0976191315054893
2026-09-17 20:10:13,476 INFO Average train loss_sibling_boundary: 0.0
2026-09-17 20:10:13,476 INFO Average train sibling_boundary_pair_count: 0.0
2026-09-17 20:10:13,477 INFO Average train sibling_boundary_margin: 0
2026-09-17 20:10:13,477 INFO Average train root_known_score: 0.29844075575470924
2026-09-17 20:10:13,477 INFO Average train known_child_score: 0.3184244056046009
2026-09-17 20:10:13,477 INFO Average train pseudo_child_score: 0.22864822015166283
2026-09-17 20:10:13,477 INFO Average train pseudo_pceg: 0.0773550938628614
2026-09-17 20:10:13,477 INFO Average train local_known_margin: 7.326373767852783
2026-09-17 20:10:13,477 INFO Average train local_pseudo_margin: 7.108286101818084
2026-09-17 20:10:13,477 INFO Average train novelty_weight_scale: 1.0
2026-09-17 20:10:13,477 INFO Average train parent_acc: 98.1875
2026-09-17 20:10:13,477 INFO Average train leaf_acc: 98.25
2026-09-17 20:10:13,477 INFO Average train open_acc: 97.375
2026-09-17 20:10:13,477 INFO Average train consistency: 96.875
2026-09-17 20:10:13,477 INFO Average train pseudo_rate: 33.625
2026-09-17 20:10:13,478 INFO ======
2026-09-17 20:10:16,435 INFO === val epoch 50 ===
2026-09-17 20:10:16,436 INFO Average val loss: 0.44142274975946005
2026-09-17 20:10:16,436 INFO Average val acc: 87.72727272727273
2026-09-17 20:10:16,436 INFO Average val loss_parent: 0.1825931217055768
2026-09-17 20:10:16,436 INFO Average val loss_leaf: 0.350126187401739
2026-09-17 20:10:16,437 INFO Average val parent_acc: 95.0
2026-09-17 20:10:16,437 INFO Average val leaf_acc: 87.72727272727273
2026-09-17 20:10:16,437 INFO Average val consistency: 85.45454545454545
2026-09-17 20:10:16,438 INFO Average val local_known_acceptance: 93.63636363636364
2026-09-17 20:10:16,438 INFO ======
2026-09-17 20:10:16,438 INFO Best result: 91.81818181818181; epoch result: 87.72727272727273
2026-09-17 20:10:19,529 INFO ======
2026-09-17 20:10:38,209 INFO === train epoch 51 ===
2026-09-17 20:10:38,209 INFO Average train loss: 0.4923598999530077
2026-09-17 20:10:38,209 INFO Average train acc: 97.6875
2026-09-17 20:10:38,209 INFO Average train loss_ndtl: 0.10036715281836223
2026-09-17 20:10:38,209 INFO Average train loss_ncl: 0.0478342580498429
2026-09-17 20:10:38,210 INFO Average train loss_cons: 0.022174812409957667
2026-09-17 20:10:38,210 INFO Average train loss_rank: 0.014575366862118244
2026-09-17 20:10:38,210 INFO Average train loss_child_known: 0.0036603189911693333
2026-09-17 20:10:38,210 INFO Average train loss_child_novel: 0.002128118686378002
2026-09-17 20:10:38,211 INFO Average train loss_pceg: 0.001100201066583395
2026-09-17 20:10:38,211 INFO Average train rank_branch_count: 1.32
2026-09-17 20:10:38,211 INFO Average train loss_root: 0.0035565789882093667
2026-09-17 20:10:38,211 INFO Average train loss_oe: 0.0
2026-09-17 20:10:38,211 INFO Average train loss_local_unknown: 0.062313348838069944
2026-09-17 20:10:38,211 INFO Average train loss_tax_contrast: 1.1901579937338829
2026-09-17 20:10:38,211 INFO Average train loss_sibling_boundary: 0.0
2026-09-17 20:10:38,211 INFO Average train sibling_boundary_pair_count: 0.0
2026-09-17 20:10:38,211 INFO Average train sibling_boundary_margin: 0
2026-09-17 20:10:38,212 INFO Average train root_known_score: 0.30417653158307073
2026-09-17 20:10:38,212 INFO Average train known_child_score: 0.3250903137028217
2026-09-17 20:10:38,212 INFO Average train pseudo_child_score: 0.23476558268070222
2026-09-17 20:10:38,212 INFO Average train pseudo_pceg: 0.07447274170815944
2026-09-17 20:10:38,212 INFO Average train local_known_margin: 7.349155690670013
2026-09-17 20:10:38,212 INFO Average train local_pseudo_margin: 6.3516753387451175
2026-09-17 20:10:38,212 INFO Average train novelty_weight_scale: 1.0
2026-09-17 20:10:38,212 INFO Average train parent_acc: 98.375
2026-09-17 20:10:38,212 INFO Average train leaf_acc: 97.6875
2026-09-17 20:10:38,212 INFO Average train open_acc: 96.8125
2026-09-17 20:10:38,212 INFO Average train consistency: 96.3125
2026-09-17 20:10:38,213 INFO Average train pseudo_rate: 33.0
2026-09-17 20:10:38,213 INFO ======
2026-09-17 20:10:41,165 INFO === val epoch 51 ===
2026-09-17 20:10:41,166 INFO Average val loss: 0.5359149240888655
2026-09-17 20:10:41,166 INFO Average val acc: 86.36363636363636
2026-09-17 20:10:41,166 INFO Average val loss_parent: 0.18663693314248866
2026-09-17 20:10:41,166 INFO Average val loss_leaf: 0.4425964659058743
2026-09-17 20:10:41,166 INFO Average val parent_acc: 93.63636363636364
2026-09-17 20:10:41,166 INFO Average val leaf_acc: 86.36363636363636
2026-09-17 20:10:41,166 INFO Average val consistency: 83.18181818181819
2026-09-17 20:10:41,166 INFO Average val local_known_acceptance: 98.63636363636364
2026-09-17 20:10:41,166 INFO ======
2026-09-17 20:10:41,166 INFO Best result: 91.81818181818181; epoch result: 86.36363636363636
2026-09-17 20:10:44,216 INFO ======
2026-09-17 20:11:02,799 INFO === train epoch 52 ===
2026-09-17 20:11:02,799 INFO Average train loss: 0.5201298663020134
2026-09-17 20:11:02,799 INFO Average train acc: 97.4375
2026-09-17 20:11:02,799 INFO Average train loss_ndtl: 0.12098969682236202
2026-09-17 20:11:02,799 INFO Average train loss_ncl: 0.04031210295150231
2026-09-17 20:11:02,800 INFO Average train loss_cons: 0.017051133132408722
2026-09-17 20:11:02,800 INFO Average train loss_rank: 0.014722709599882365
2026-09-17 20:11:02,800 INFO Average train loss_child_known: 0.0037698677740991117
2026-09-17 20:11:02,800 INFO Average train loss_child_novel: 0.0016723651811480522
2026-09-17 20:11:02,800 INFO Average train loss_pceg: 0.0036045873165130617
2026-09-17 20:11:02,801 INFO Average train rank_branch_count: 1.385
2026-09-17 20:11:02,801 INFO Average train loss_root: 0.004692590022459626
2026-09-17 20:11:02,801 INFO Average train loss_oe: 0.0
2026-09-17 20:11:02,801 INFO Average train loss_local_unknown: 0.0770878688079756
2026-09-17 20:11:02,801 INFO Average train loss_tax_contrast: 1.174551420211792
2026-09-17 20:11:02,802 INFO Average train loss_sibling_boundary: 0.0
2026-09-17 20:11:02,802 INFO Average train sibling_boundary_pair_count: 0.0
2026-09-17 20:11:02,802 INFO Average train sibling_boundary_margin: 0
2026-09-17 20:11:02,802 INFO Average train root_known_score: 0.2983736227452755
2026-09-17 20:11:02,802 INFO Average train known_child_score: 0.3198176348209381
2026-09-17 20:11:02,802 INFO Average train pseudo_child_score: 0.23826111182570459
2026-09-17 20:11:02,802 INFO Average train pseudo_pceg: 0.06303746601566672
2026-09-17 20:11:02,802 INFO Average train local_known_margin: 6.872713216543198
2026-09-17 20:11:02,803 INFO Average train local_pseudo_margin: 6.08485746383667
2026-09-17 20:11:02,803 INFO Average train novelty_weight_scale: 1.0
2026-09-17 20:11:02,803 INFO Average train parent_acc: 98.625
2026-09-17 20:11:02,803 INFO Average train leaf_acc: 97.4375
2026-09-17 20:11:02,803 INFO Average train open_acc: 96.125
2026-09-17 20:11:02,803 INFO Average train consistency: 96.625
2026-09-17 20:11:02,803 INFO Average train pseudo_rate: 34.625
2026-09-17 20:11:02,803 INFO ======
2026-09-17 20:11:05,748 INFO === val epoch 52 ===
2026-09-17 20:11:05,748 INFO Average val loss: 0.5096456820653243
2026-09-17 20:11:05,749 INFO Average val acc: 87.27272727272727
2026-09-17 20:11:05,749 INFO Average val loss_parent: 0.16158796173351056
2026-09-17 20:11:05,749 INFO Average val loss_leaf: 0.42885170734741473
2026-09-17 20:11:05,749 INFO Average val parent_acc: 94.0909090909091
2026-09-17 20:11:05,750 INFO Average val leaf_acc: 87.27272727272727
2026-09-17 20:11:05,750 INFO Average val consistency: 84.0909090909091
2026-09-17 20:11:05,750 INFO Average val local_known_acceptance: 90.45454545454545
2026-09-17 20:11:05,750 INFO ======
2026-09-17 20:11:05,750 INFO Best result: 91.81818181818181; epoch result: 87.27272727272727
2026-09-17 20:11:08,174 INFO ======
2026-09-17 20:11:26,938 INFO === train epoch 53 ===
2026-09-17 20:11:26,939 INFO Average train loss: 0.48196462824940683
2026-09-17 20:11:26,939 INFO Average train acc: 96.5
2026-09-17 20:11:26,939 INFO Average train loss_ndtl: 0.097881656269019
2026-09-17 20:11:26,939 INFO Average train loss_ncl: 0.045937125297568854
2026-09-17 20:11:26,939 INFO Average train loss_cons: 0.021321472727540824
2026-09-17 20:11:26,939 INFO Average train loss_rank: 0.020059607978910206
2026-09-17 20:11:26,939 INFO Average train loss_child_known: 0.005277417805045843
2026-09-17 20:11:26,940 INFO Average train loss_child_novel: 0.0038350801914930344
2026-09-17 20:11:26,940 INFO Average train loss_pceg: 0.0022307716496288775
2026-09-17 20:11:26,940 INFO Average train rank_branch_count: 1.355
2026-09-17 20:11:26,940 INFO Average train loss_root: 0.00567884593270719
2026-09-17 20:11:26,940 INFO Average train loss_oe: 0.0
2026-09-17 20:11:26,940 INFO Average train loss_local_unknown: 0.06748304721797467
2026-09-17 20:11:26,940 INFO Average train loss_tax_contrast: 1.1298284262418747
2026-09-17 20:11:26,940 INFO Average train loss_sibling_boundary: 0.0
2026-09-17 20:11:26,940 INFO Average train sibling_boundary_pair_count: 0.0
2026-09-17 20:11:26,940 INFO Average train sibling_boundary_margin: 0
2026-09-17 20:11:26,940 INFO Average train root_known_score: 0.29919507175683974
2026-09-17 20:11:26,940 INFO Average train known_child_score: 0.3170748747885227
2026-09-17 20:11:26,941 INFO Average train pseudo_child_score: 0.2399658378213644
2026-09-17 20:11:26,941 INFO Average train pseudo_pceg: 0.0703588716685772
2026-09-17 20:11:26,941 INFO Average train local_known_margin: 7.27568359375
2026-09-17 20:11:26,941 INFO Average train local_pseudo_margin: 5.817665472030639
2026-09-17 20:11:26,941 INFO Average train novelty_weight_scale: 1.0
2026-09-17 20:11:26,941 INFO Average train parent_acc: 98.0625
2026-09-17 20:11:26,941 INFO Average train leaf_acc: 96.5
2026-09-17 20:11:26,941 INFO Average train open_acc: 97.0625
2026-09-17 20:11:26,941 INFO Average train consistency: 94.75
2026-09-17 20:11:26,941 INFO Average train pseudo_rate: 33.875
2026-09-17 20:11:26,941 INFO ======
2026-09-17 20:11:29,902 INFO === val epoch 53 ===
2026-09-17 20:11:29,902 INFO Average val loss: 0.4657508905638348
2026-09-17 20:11:29,903 INFO Average val acc: 89.0909090909091
2026-09-17 20:11:29,903 INFO Average val loss_parent: 0.19205705164508385
2026-09-17 20:11:29,903 INFO Average val loss_leaf: 0.3697223598137498
2026-09-17 20:11:29,903 INFO Average val parent_acc: 94.54545454545455
2026-09-17 20:11:29,903 INFO Average val leaf_acc: 89.0909090909091
2026-09-17 20:11:29,903 INFO Average val consistency: 85.9090909090909
2026-09-17 20:11:29,903 INFO Average val local_known_acceptance: 93.63636363636364
2026-09-17 20:11:29,904 INFO ======
2026-09-17 20:11:29,904 INFO Best result: 91.81818181818181; epoch result: 89.0909090909091
2026-09-17 20:11:32,635 INFO ======
2026-09-17 20:11:50,824 INFO === train epoch 54 ===
2026-09-17 20:11:50,824 INFO Average train loss: 0.4529812747240067
2026-09-17 20:11:50,824 INFO Average train acc: 98.1875
2026-09-17 20:11:50,824 INFO Average train loss_ndtl: 0.09523757108894643
2026-09-17 20:11:50,824 INFO Average train loss_ncl: 0.06114119283905893
2026-09-17 20:11:50,824 INFO Average train loss_cons: 0.020202886580700578
2026-09-17 20:11:50,824 INFO Average train loss_rank: 0.013071913849562406
2026-09-17 20:11:50,824 INFO Average train loss_child_known: 0.010768315419554711
2026-09-17 20:11:50,825 INFO Average train loss_child_novel: 0.00028069496154785155
2026-09-17 20:11:50,825 INFO Average train loss_pceg: 0.00035218318924307824
2026-09-17 20:11:50,825 INFO Average train rank_branch_count: 1.31
2026-09-17 20:11:50,826 INFO Average train loss_root: 0.010461503621190787
2026-09-17 20:11:50,826 INFO Average train loss_oe: 0.0
2026-09-17 20:11:50,826 INFO Average train loss_local_unknown: 0.058881590678793144
2026-09-17 20:11:50,826 INFO Average train loss_tax_contrast: 1.0384933370351792
2026-09-17 20:11:50,826 INFO Average train loss_sibling_boundary: 0.0
2026-09-17 20:11:50,826 INFO Average train sibling_boundary_pair_count: 0.0
2026-09-17 20:11:50,826 INFO Average train sibling_boundary_margin: 0
2026-09-17 20:11:50,826 INFO Average train root_known_score: 0.2867598016560078
2026-09-17 20:11:50,826 INFO Average train known_child_score: 0.3017293705046177
2026-09-17 20:11:50,826 INFO Average train pseudo_child_score: 0.21148868657648565
2026-09-17 20:11:50,826 INFO Average train pseudo_pceg: 0.0887017904035747
2026-09-17 20:11:50,826 INFO Average train local_known_margin: 7.268644806146622
2026-09-17 20:11:50,827 INFO Average train local_pseudo_margin: 7.1657992935180665
2026-09-17 20:11:50,827 INFO Average train novelty_weight_scale: 1.0
2026-09-17 20:11:50,827 INFO Average train parent_acc: 98.3125
2026-09-17 20:11:50,827 INFO Average train leaf_acc: 98.1875
2026-09-17 20:11:50,827 INFO Average train open_acc: 97.1875
2026-09-17 20:11:50,827 INFO Average train consistency: 96.8125
2026-09-17 20:11:50,827 INFO Average train pseudo_rate: 32.75
2026-09-17 20:11:50,827 INFO ======
2026-09-17 20:11:53,783 INFO === val epoch 54 ===
2026-09-17 20:11:53,784 INFO Average val loss: 0.40429525379599496
2026-09-17 20:11:53,784 INFO Average val acc: 89.0909090909091
2026-09-17 20:11:53,784 INFO Average val loss_parent: 0.11019878473810174
2026-09-17 20:11:53,785 INFO Average val loss_leaf: 0.3491958603495732
2026-09-17 20:11:53,785 INFO Average val parent_acc: 96.81818181818181
2026-09-17 20:11:53,785 INFO Average val leaf_acc: 89.0909090909091
2026-09-17 20:11:53,785 INFO Average val consistency: 88.18181818181819
2026-09-17 20:11:53,785 INFO Average val local_known_acceptance: 96.81818181818181
2026-09-17 20:11:53,785 INFO ======
2026-09-17 20:11:53,785 INFO Best result: 91.81818181818181; epoch result: 89.0909090909091
2026-09-17 20:11:56,829 INFO ======
2026-09-17 20:12:15,087 INFO === train epoch 55 ===
2026-09-17 20:12:15,088 INFO Average train loss: 0.47143803983926774
2026-09-17 20:12:15,088 INFO Average train acc: 98.125
2026-09-17 20:12:15,088 INFO Average train loss_ndtl: 0.10375939544435824
2026-09-17 20:12:15,088 INFO Average train loss_ncl: 0.06611722109657421
2026-09-17 20:12:15,088 INFO Average train loss_cons: 0.018845278130684165
2026-09-17 20:12:15,088 INFO Average train loss_rank: 0.008458012994378806
2026-09-17 20:12:15,088 INFO Average train loss_child_known: 0.004115347322076559
2026-09-17 20:12:15,088 INFO Average train loss_child_novel: 0.00048150699585676194
2026-09-17 20:12:15,088 INFO Average train loss_pceg: 0.0002772699482738972
2026-09-17 20:12:15,089 INFO Average train rank_branch_count: 1.34
2026-09-17 20:12:15,090 INFO Average train loss_root: 0.005817639818415046
2026-09-17 20:12:15,090 INFO Average train loss_oe: 0.0
2026-09-17 20:12:15,090 INFO Average train loss_local_unknown: 0.05735850542740081
2026-09-17 20:12:15,090 INFO Average train loss_tax_contrast: 1.0855649116635322
2026-09-17 20:12:15,090 INFO Average train loss_sibling_boundary: 0.0
2026-09-17 20:12:15,090 INFO Average train sibling_boundary_pair_count: 0.0
2026-09-17 20:12:15,090 INFO Average train sibling_boundary_margin: 0
2026-09-17 20:12:15,090 INFO Average train root_known_score: 0.3024019993841648
2026-09-17 20:12:15,090 INFO Average train known_child_score: 0.3243015918135643
2026-09-17 20:12:15,090 INFO Average train pseudo_child_score: 0.2241465376317501
2026-09-17 20:12:15,090 INFO Average train pseudo_pceg: 0.08354053065180779
2026-09-17 20:12:15,090 INFO Average train local_known_margin: 7.79521152973175
2026-09-17 20:12:15,090 INFO Average train local_pseudo_margin: 7.134694027900696
2026-09-17 20:12:15,091 INFO Average train novelty_weight_scale: 1.0
2026-09-17 20:12:15,091 INFO Average train parent_acc: 97.875
2026-09-17 20:12:15,091 INFO Average train leaf_acc: 98.125
2026-09-17 20:12:15,091 INFO Average train open_acc: 97.0
2026-09-17 20:12:15,091 INFO Average train consistency: 96.3125
2026-09-17 20:12:15,091 INFO Average train pseudo_rate: 33.5
2026-09-17 20:12:15,091 INFO ======
2026-09-17 20:12:18,056 INFO === val epoch 55 ===
2026-09-17 20:12:18,056 INFO Average val loss: 0.4530886847187172
2026-09-17 20:12:18,056 INFO Average val acc: 89.0909090909091
2026-09-17 20:12:18,056 INFO Average val loss_parent: 0.1481879955326969
2026-09-17 20:12:18,056 INFO Average val loss_leaf: 0.3789946899283677
2026-09-17 20:12:18,057 INFO Average val parent_acc: 94.0909090909091
2026-09-17 20:12:18,057 INFO Average val leaf_acc: 89.0909090909091
2026-09-17 20:12:18,057 INFO Average val consistency: 85.9090909090909
2026-09-17 20:12:18,057 INFO Average val local_known_acceptance: 92.72727272727273
2026-09-17 20:12:18,057 INFO ======
2026-09-17 20:12:18,057 INFO Best result: 91.81818181818181; epoch result: 89.0909090909091
2026-09-17 20:12:20,674 INFO ======
2026-09-17 20:12:39,222 INFO === train epoch 56 ===
2026-09-17 20:12:39,222 INFO Average train loss: 0.5251483272761106
2026-09-17 20:12:39,222 INFO Average train acc: 97.3125
2026-09-17 20:12:39,223 INFO Average train loss_ndtl: 0.12343367709341692
2026-09-17 20:12:39,224 INFO Average train loss_ncl: 0.04949245324925869
2026-09-17 20:12:39,224 INFO Average train loss_cons: 0.024827640303956285
2026-09-17 20:12:39,224 INFO Average train loss_rank: 0.016490777563303707
2026-09-17 20:12:39,224 INFO Average train loss_child_known: 0.004256732454523444
2026-09-17 20:12:39,224 INFO Average train loss_child_novel: 0.001412697695195675
2026-09-17 20:12:39,224 INFO Average train loss_pceg: 0.0022239200584590435
2026-09-17 20:12:39,224 INFO Average train rank_branch_count: 1.32
2026-09-17 20:12:39,224 INFO Average train loss_root: 0.005123727275058627
2026-09-17 20:12:39,224 INFO Average train loss_oe: 0.0
2026-09-17 20:12:39,224 INFO Average train loss_local_unknown: 0.08452089304842957
2026-09-17 20:12:39,224 INFO Average train loss_tax_contrast: 1.132962088882923
2026-09-17 20:12:39,224 INFO Average train loss_sibling_boundary: 0.0
2026-09-17 20:12:39,225 INFO Average train sibling_boundary_pair_count: 0.0
2026-09-17 20:12:39,225 INFO Average train sibling_boundary_margin: 0
2026-09-17 20:12:39,225 INFO Average train root_known_score: 0.30373642072081564
2026-09-17 20:12:39,225 INFO Average train known_child_score: 0.3232764559984207
2026-09-17 20:12:39,225 INFO Average train pseudo_child_score: 0.23249518040567638
2026-09-17 20:12:39,225 INFO Average train pseudo_pceg: 0.08547961046919227
2026-09-17 20:12:39,225 INFO Average train local_known_margin: 7.338175847530365
2026-09-17 20:12:39,225 INFO Average train local_pseudo_margin: 7.497756998538971
2026-09-17 20:12:39,225 INFO Average train novelty_weight_scale: 1.0
2026-09-17 20:12:39,225 INFO Average train parent_acc: 97.0
2026-09-17 20:12:39,225 INFO Average train leaf_acc: 97.3125
2026-09-17 20:12:39,225 INFO Average train open_acc: 96.1875
2026-09-17 20:12:39,226 INFO Average train consistency: 94.875
2026-09-17 20:12:39,226 INFO Average train pseudo_rate: 33.0
2026-09-17 20:12:39,226 INFO ======
2026-09-17 20:12:42,190 INFO === val epoch 56 ===
2026-09-17 20:12:42,190 INFO Average val loss: 0.36554548826745964
2026-09-17 20:12:42,190 INFO Average val acc: 90.9090909090909
2026-09-17 20:12:42,191 INFO Average val loss_parent: 0.16851613990623843
2026-09-17 20:12:42,191 INFO Average val loss_leaf: 0.28128741933456197
2026-09-17 20:12:42,192 INFO Average val parent_acc: 94.0909090909091
2026-09-17 20:12:42,192 INFO Average val leaf_acc: 90.9090909090909
2026-09-17 20:12:42,192 INFO Average val consistency: 88.18181818181819
2026-09-17 20:12:42,193 INFO Average val local_known_acceptance: 88.18181818181819
2026-09-17 20:12:42,193 INFO ======
2026-09-17 20:12:42,193 INFO Best result: 91.81818181818181; epoch result: 90.9090909090909
2026-09-17 20:12:44,803 INFO ======
2026-09-17 20:13:03,207 INFO === train epoch 57 ===
2026-09-17 20:13:03,207 INFO Average train loss: 0.5399809896945953
2026-09-17 20:13:03,207 INFO Average train acc: 97.5625
2026-09-17 20:13:03,208 INFO Average train loss_ndtl: 0.1160013648273889
2026-09-17 20:13:03,208 INFO Average train loss_ncl: 0.08907264952038531
2026-09-17 20:13:03,208 INFO Average train loss_cons: 0.018948165011170203
2026-09-17 20:13:03,208 INFO Average train loss_rank: 0.016457073725759983
2026-09-17 20:13:03,208 INFO Average train loss_child_known: 0.0028645133972167967
2026-09-17 20:13:03,208 INFO Average train loss_child_novel: 0.0018451504036784171
2026-09-17 20:13:03,209 INFO Average train loss_pceg: 0.002442757599055767
2026-09-17 20:13:03,209 INFO Average train rank_branch_count: 1.32
2026-09-17 20:13:03,209 INFO Average train loss_root: 0.0025598437897861002
2026-09-17 20:13:03,209 INFO Average train loss_oe: 0.0
2026-09-17 20:13:03,209 INFO Average train loss_local_unknown: 0.09325352248852141
2026-09-17 20:13:03,209 INFO Average train loss_tax_contrast: 1.1118845736980438
2026-09-17 20:13:03,209 INFO Average train loss_sibling_boundary: 0.0
2026-09-17 20:13:03,209 INFO Average train sibling_boundary_pair_count: 0.0
2026-09-17 20:13:03,209 INFO Average train sibling_boundary_margin: 0
2026-09-17 20:13:03,209 INFO Average train root_known_score: 0.31270138815045356
2026-09-17 20:13:03,209 INFO Average train known_child_score: 0.32717925295233724
2026-09-17 20:13:03,209 INFO Average train pseudo_child_score: 0.2467091153562069
2026-09-17 20:13:03,210 INFO Average train pseudo_pceg: 0.07133908675983548
2026-09-17 20:13:03,210 INFO Average train local_known_margin: 6.779435656070709
2026-09-17 20:13:03,210 INFO Average train local_pseudo_margin: 6.324345960617065
2026-09-17 20:13:03,210 INFO Average train novelty_weight_scale: 1.0
2026-09-17 20:13:03,210 INFO Average train parent_acc: 98.6875
2026-09-17 20:13:03,210 INFO Average train leaf_acc: 97.5625
2026-09-17 20:13:03,210 INFO Average train open_acc: 96.6875
2026-09-17 20:13:03,210 INFO Average train consistency: 96.3125
2026-09-17 20:13:03,210 INFO Average train pseudo_rate: 33.0
2026-09-17 20:13:03,210 INFO ======
2026-09-17 20:13:06,180 INFO === val epoch 57 ===
2026-09-17 20:13:06,180 INFO Average val loss: 0.5263811416585337
2026-09-17 20:13:06,181 INFO Average val acc: 86.36363636363636
2026-09-17 20:13:06,181 INFO Average val loss_parent: 0.1868155804124068
2026-09-17 20:13:06,181 INFO Average val loss_leaf: 0.43297334365885365
2026-09-17 20:13:06,181 INFO Average val parent_acc: 94.54545454545455
2026-09-17 20:13:06,181 INFO Average val leaf_acc: 86.36363636363636
2026-09-17 20:13:06,181 INFO Average val consistency: 84.54545454545455
2026-09-17 20:13:06,182 INFO Average val local_known_acceptance: 98.18181818181819
2026-09-17 20:13:06,182 INFO ======
2026-09-17 20:13:06,182 INFO Best result: 91.81818181818181; epoch result: 86.36363636363636
2026-09-17 20:13:08,614 INFO ======
2026-09-17 20:13:27,663 INFO === train epoch 58 ===
2026-09-17 20:13:27,664 INFO Average train loss: 0.44014274775981904
2026-09-17 20:13:27,664 INFO Average train acc: 98.1875
2026-09-17 20:13:27,664 INFO Average train loss_ndtl: 0.09538283989822957
2026-09-17 20:13:27,665 INFO Average train loss_ncl: 0.04470085536886472
2026-09-17 20:13:27,665 INFO Average train loss_cons: 0.015335717846692205
2026-09-17 20:13:27,665 INFO Average train loss_rank: 0.00948279220610857
2026-09-17 20:13:27,665 INFO Average train loss_child_known: 0.005303320456296206
2026-09-17 20:13:27,665 INFO Average train loss_child_novel: 0.0011273115500807763
2026-09-17 20:13:27,665 INFO Average train loss_pceg: 0.0008750076778233051
2026-09-17 20:13:27,666 INFO Average train rank_branch_count: 1.285
2026-09-17 20:13:27,666 INFO Average train loss_root: 0.005993337836116552
2026-09-17 20:13:27,666 INFO Average train loss_oe: 0.0
2026-09-17 20:13:27,666 INFO Average train loss_local_unknown: 0.05264113051654931
2026-09-17 20:13:27,666 INFO Average train loss_tax_contrast: 1.0535856911540031
2026-09-17 20:13:27,666 INFO Average train loss_sibling_boundary: 0.0
2026-09-17 20:13:27,666 INFO Average train sibling_boundary_pair_count: 0.0
2026-09-17 20:13:27,666 INFO Average train sibling_boundary_margin: 0
2026-09-17 20:13:27,666 INFO Average train root_known_score: 0.2956189116835594
2026-09-17 20:13:27,666 INFO Average train known_child_score: 0.3150967764854431
2026-09-17 20:13:27,666 INFO Average train pseudo_child_score: 0.21563611902296542
2026-09-17 20:13:27,666 INFO Average train pseudo_pceg: 0.09352639919146895
2026-09-17 20:13:27,666 INFO Average train local_known_margin: 7.3543412971496585
2026-09-17 20:13:27,667 INFO Average train local_pseudo_margin: 8.213839125633239
2026-09-17 20:13:27,667 INFO Average train novelty_weight_scale: 1.0
2026-09-17 20:13:27,667 INFO Average train parent_acc: 98.3125
2026-09-17 20:13:27,667 INFO Average train leaf_acc: 98.1875
2026-09-17 20:13:27,667 INFO Average train open_acc: 97.3125
2026-09-17 20:13:27,667 INFO Average train consistency: 97.0
2026-09-17 20:13:27,667 INFO Average train pseudo_rate: 32.125
2026-09-17 20:13:27,667 INFO ======
2026-09-17 20:13:30,619 INFO === val epoch 58 ===
2026-09-17 20:13:30,619 INFO Average val loss: 0.499140811491419
2026-09-17 20:13:30,620 INFO Average val acc: 86.36363636363636
2026-09-17 20:13:30,620 INFO Average val loss_parent: 0.1646480804817243
2026-09-17 20:13:30,620 INFO Average val loss_leaf: 0.41681676623834807
2026-09-17 20:13:30,620 INFO Average val parent_acc: 92.72727272727273
2026-09-17 20:13:30,621 INFO Average val leaf_acc: 86.36363636363636
2026-09-17 20:13:30,621 INFO Average val consistency: 83.18181818181819
2026-09-17 20:13:30,621 INFO Average val local_known_acceptance: 93.18181818181819
2026-09-17 20:13:30,621 INFO ======
2026-09-17 20:13:30,621 INFO Best result: 91.81818181818181; epoch result: 86.36363636363636
2026-09-17 20:13:33,261 INFO ======
2026-09-17 20:13:52,048 INFO === train epoch 59 ===
2026-09-17 20:13:52,049 INFO Average train loss: 0.4662632096558809
2026-09-17 20:13:52,049 INFO Average train acc: 98.4375
2026-09-17 20:13:52,049 INFO Average train loss_ndtl: 0.09448011597036383
2026-09-17 20:13:52,049 INFO Average train loss_ncl: 0.05665415308619231
2026-09-17 20:13:52,049 INFO Average train loss_cons: 0.01650329523938126
2026-09-17 20:13:52,049 INFO Average train loss_rank: 0.010415349397808313
2026-09-17 20:13:52,050 INFO Average train loss_child_known: 0.002903411826118827
2026-09-17 20:13:52,050 INFO Average train loss_child_novel: 0.0005249752849340439
2026-09-17 20:13:52,050 INFO Average train loss_pceg: 0.0007671326957643032
2026-09-17 20:13:52,050 INFO Average train rank_branch_count: 1.275
2026-09-17 20:13:52,050 INFO Average train loss_root: 0.0039006961695849897
2026-09-17 20:13:52,050 INFO Average train loss_oe: 0.0
2026-09-17 20:13:52,050 INFO Average train loss_local_unknown: 0.064866131077506
2026-09-17 20:13:52,050 INFO Average train loss_tax_contrast: 1.0913972955942155
2026-09-17 20:13:52,050 INFO Average train loss_sibling_boundary: 0.0
2026-09-17 20:13:52,050 INFO Average train sibling_boundary_pair_count: 0.0
2026-09-17 20:13:52,050 INFO Average train sibling_boundary_margin: 0
2026-09-17 20:13:52,051 INFO Average train root_known_score: 0.30468018308281897
2026-09-17 20:13:52,051 INFO Average train known_child_score: 0.3283914750814438
2026-09-17 20:13:52,051 INFO Average train pseudo_child_score: 0.23071062296628952
2026-09-17 20:13:52,051 INFO Average train pseudo_pceg: 0.07038225516676903
2026-09-17 20:13:52,051 INFO Average train local_known_margin: 7.494841876029969
2026-09-17 20:13:52,051 INFO Average train local_pseudo_margin: 5.954110150337219
2026-09-17 20:13:52,051 INFO Average train novelty_weight_scale: 1.0
2026-09-17 20:13:52,051 INFO Average train parent_acc: 98.25
2026-09-17 20:13:52,051 INFO Average train leaf_acc: 98.4375
2026-09-17 20:13:52,051 INFO Average train open_acc: 97.8125
2026-09-17 20:13:52,051 INFO Average train consistency: 97.0625
2026-09-17 20:13:52,051 INFO Average train pseudo_rate: 31.875
2026-09-17 20:13:52,051 INFO ======
2026-09-17 20:13:55,005 INFO === val epoch 59 ===
2026-09-17 20:13:55,005 INFO Average val loss: 0.5406010837802155
2026-09-17 20:13:55,005 INFO Average val acc: 87.27272727272727
2026-09-17 20:13:55,006 INFO Average val loss_parent: 0.11604390146253123
2026-09-17 20:13:55,006 INFO Average val loss_leaf: 0.4825791368869514
2026-09-17 20:13:55,006 INFO Average val parent_acc: 95.9090909090909
2026-09-17 20:13:55,006 INFO Average val leaf_acc: 87.27272727272727
2026-09-17 20:13:55,006 INFO Average val consistency: 86.36363636363636
2026-09-17 20:13:55,006 INFO Average val local_known_acceptance: 93.63636363636364
2026-09-17 20:13:55,006 INFO ======
2026-09-17 20:13:55,006 INFO Best result: 91.81818181818181; epoch result: 87.27272727272727
2026-09-17 20:13:57,671 INFO ======
2026-09-17 20:14:16,338 INFO === train epoch 60 ===
2026-09-17 20:14:16,338 INFO Average train loss: 0.45421986788511276
2026-09-17 20:14:16,338 INFO Average train acc: 98.5625
2026-09-17 20:14:16,338 INFO Average train loss_ndtl: 0.08280414914232097
2026-09-17 20:14:16,339 INFO Average train loss_ncl: 0.03418593953389063
2026-09-17 20:14:16,339 INFO Average train loss_cons: 0.014172592157156032
2026-09-17 20:14:16,339 INFO Average train loss_rank: 0.017534104567021133
2026-09-17 20:14:16,340 INFO Average train loss_child_known: 0.0039024304039776327
2026-09-17 20:14:16,340 INFO Average train loss_child_novel: 0.002008197419345379
2026-09-17 20:14:16,340 INFO Average train loss_pceg: 0.0017223538737744092
2026-09-17 20:14:16,340 INFO Average train rank_branch_count: 1.29
2026-09-17 20:14:16,340 INFO Average train loss_root: 0.006778890462592244
2026-09-17 20:14:16,340 INFO Average train loss_oe: 0.0
2026-09-17 20:14:16,340 INFO Average train loss_local_unknown: 0.05725156683733076
2026-09-17 20:14:16,341 INFO Average train loss_tax_contrast: 1.1527032253146172
2026-09-17 20:14:16,341 INFO Average train loss_sibling_boundary: 0.0
2026-09-17 20:14:16,341 INFO Average train sibling_boundary_pair_count: 0.0
2026-09-17 20:14:16,341 INFO Average train sibling_boundary_margin: 0
2026-09-17 20:14:16,341 INFO Average train root_known_score: 0.29794891104102134
2026-09-17 20:14:16,341 INFO Average train known_child_score: 0.3179144994914532
2026-09-17 20:14:16,341 INFO Average train pseudo_child_score: 0.2355743273347616
2026-09-17 20:14:16,341 INFO Average train pseudo_pceg: 0.07697366390377283
2026-09-17 20:14:16,341 INFO Average train local_known_margin: 7.425142307281494
2026-09-17 20:14:16,341 INFO Average train local_pseudo_margin: 6.856814684867859
2026-09-17 20:14:16,341 INFO Average train novelty_weight_scale: 1.0
2026-09-17 20:14:16,341 INFO Average train parent_acc: 99.0
2026-09-17 20:14:16,341 INFO Average train leaf_acc: 98.5625
2026-09-17 20:14:16,342 INFO Average train open_acc: 97.625
2026-09-17 20:14:16,342 INFO Average train consistency: 97.8125
2026-09-17 20:14:16,342 INFO Average train pseudo_rate: 32.25
2026-09-17 20:14:16,342 INFO ======
2026-09-17 20:14:19,291 INFO === val epoch 60 ===
2026-09-17 20:14:19,291 INFO Average val loss: 0.5214186880099905
2026-09-17 20:14:19,291 INFO Average val acc: 89.0909090909091
2026-09-17 20:14:19,291 INFO Average val loss_parent: 0.1319710706162203
2026-09-17 20:14:19,291 INFO Average val loss_leaf: 0.455433154324948
2026-09-17 20:14:19,292 INFO Average val parent_acc: 95.45454545454545
2026-09-17 20:14:19,292 INFO Average val leaf_acc: 89.0909090909091
2026-09-17 20:14:19,292 INFO Average val consistency: 87.27272727272727
2026-09-17 20:14:19,292 INFO Average val local_known_acceptance: 96.81818181818181
2026-09-17 20:14:19,292 INFO ======
2026-09-17 20:14:19,292 INFO Best result: 91.81818181818181; epoch result: 89.0909090909091
2026-09-17 20:14:21,961 INFO ======
2026-09-17 20:14:40,894 INFO === train epoch 61 ===
2026-09-17 20:14:40,894 INFO Average train loss: 0.43488505989313125
2026-09-17 20:14:40,894 INFO Average train acc: 98.3125
2026-09-17 20:14:40,894 INFO Average train loss_ndtl: 0.09550167192472145
2026-09-17 20:14:40,894 INFO Average train loss_ncl: 0.03648249886035046
2026-09-17 20:14:40,894 INFO Average train loss_cons: 0.026919482832927315
2026-09-17 20:14:40,894 INFO Average train loss_rank: 0.011129371579736471
2026-09-17 20:14:40,895 INFO Average train loss_child_known: 0.004538460783660412
2026-09-17 20:14:40,895 INFO Average train loss_child_novel: 0.0006213844940066338
2026-09-17 20:14:40,895 INFO Average train loss_pceg: 0.001732518207281828
2026-09-17 20:14:40,896 INFO Average train rank_branch_count: 1.33
2026-09-17 20:14:40,896 INFO Average train loss_root: 0.006809042235836386
2026-09-17 20:14:40,896 INFO Average train loss_oe: 0.0
2026-09-17 20:14:40,896 INFO Average train loss_local_unknown: 0.05640764752140967
2026-09-17 20:14:40,896 INFO Average train loss_tax_contrast: 1.0271493956446647
2026-09-17 20:14:40,896 INFO Average train loss_sibling_boundary: 0.0
2026-09-17 20:14:40,896 INFO Average train sibling_boundary_pair_count: 0.0
2026-09-17 20:14:40,896 INFO Average train sibling_boundary_margin: 0
2026-09-17 20:14:40,896 INFO Average train root_known_score: 0.2988141840696335
2026-09-17 20:14:40,896 INFO Average train known_child_score: 0.3257626296579838
2026-09-17 20:14:40,896 INFO Average train pseudo_child_score: 0.23100340269505978
2026-09-17 20:14:40,897 INFO Average train pseudo_pceg: 0.06961810585111379
2026-09-17 20:14:40,897 INFO Average train local_known_margin: 7.420550920963287
2026-09-17 20:14:40,897 INFO Average train local_pseudo_margin: 5.998258411884308
2026-09-17 20:14:40,897 INFO Average train novelty_weight_scale: 1.0
2026-09-17 20:14:40,897 INFO Average train parent_acc: 97.375
2026-09-17 20:14:40,897 INFO Average train leaf_acc: 98.3125
2026-09-17 20:14:40,897 INFO Average train open_acc: 96.9375
2026-09-17 20:14:40,897 INFO Average train consistency: 96.0625
2026-09-17 20:14:40,897 INFO Average train pseudo_rate: 33.25
2026-09-17 20:14:40,897 INFO ======
2026-09-17 20:14:43,856 INFO === val epoch 61 ===
2026-09-17 20:14:43,856 INFO Average val loss: 0.5268959784626284
2026-09-17 20:14:43,856 INFO Average val acc: 89.0909090909091
2026-09-17 20:14:43,857 INFO Average val loss_parent: 0.16866770418868823
2026-09-17 20:14:43,857 INFO Average val loss_leaf: 0.44256212303457276
2026-09-17 20:14:43,857 INFO Average val parent_acc: 93.18181818181819
2026-09-17 20:14:43,858 INFO Average val leaf_acc: 89.0909090909091
2026-09-17 20:14:43,858 INFO Average val consistency: 84.54545454545455
2026-09-17 20:14:43,858 INFO Average val local_known_acceptance: 94.54545454545455
2026-09-17 20:14:43,858 INFO ======
2026-09-17 20:14:43,858 INFO Best result: 91.81818181818181; epoch result: 89.0909090909091
2026-09-17 20:14:46,637 INFO ======
2026-09-17 20:15:05,401 INFO === train epoch 62 ===
2026-09-17 20:15:05,401 INFO Average train loss: 0.4779843533039093
2026-09-17 20:15:05,402 INFO Average train acc: 97.5625
2026-09-17 20:15:05,402 INFO Average train loss_ndtl: 0.10490234614058863
2026-09-17 20:15:05,402 INFO Average train loss_ncl: 0.03535478951547702
2026-09-17 20:15:05,403 INFO Average train loss_cons: 0.013048587616467558
2026-09-17 20:15:05,403 INFO Average train loss_rank: 0.01921513181179762
2026-09-17 20:15:05,403 INFO Average train loss_child_known: 0.003199355565011501
2026-09-17 20:15:05,403 INFO Average train loss_child_novel: 0.005263112895190716
2026-09-17 20:15:05,403 INFO Average train loss_pceg: 0.002148926854133606
2026-09-17 20:15:05,403 INFO Average train rank_branch_count: 1.355
2026-09-17 20:15:05,403 INFO Average train loss_root: 0.0040831467974931
2026-09-17 20:15:05,403 INFO Average train loss_oe: 0.0
2026-09-17 20:15:05,403 INFO Average train loss_local_unknown: 0.07055123489688413
2026-09-17 20:15:05,404 INFO Average train loss_tax_contrast: 1.0981873083114624
2026-09-17 20:15:05,404 INFO Average train loss_sibling_boundary: 0.0
2026-09-17 20:15:05,404 INFO Average train sibling_boundary_pair_count: 0.0
2026-09-17 20:15:05,404 INFO Average train sibling_boundary_margin: 0
2026-09-17 20:15:05,404 INFO Average train root_known_score: 0.30832898125052455
2026-09-17 20:15:05,404 INFO Average train known_child_score: 0.32635097339749336
2026-09-17 20:15:05,404 INFO Average train pseudo_child_score: 0.23617759563028812
2026-09-17 20:15:05,404 INFO Average train pseudo_pceg: 0.08450353778898716
2026-09-17 20:15:05,404 INFO Average train local_known_margin: 7.12848184466362
2026-09-17 20:15:05,404 INFO Average train local_pseudo_margin: 7.0776687693595886
2026-09-17 20:15:05,404 INFO Average train novelty_weight_scale: 1.0
2026-09-17 20:15:05,404 INFO Average train parent_acc: 98.5625
2026-09-17 20:15:05,404 INFO Average train leaf_acc: 97.5625
2026-09-17 20:15:05,404 INFO Average train open_acc: 96.6875
2026-09-17 20:15:05,404 INFO Average train consistency: 96.375
2026-09-17 20:15:05,405 INFO Average train pseudo_rate: 33.875
2026-09-17 20:15:05,405 INFO ======
2026-09-17 20:15:08,355 INFO === val epoch 62 ===
2026-09-17 20:15:08,355 INFO Average val loss: 0.471175396645611
2026-09-17 20:15:08,355 INFO Average val acc: 87.27272727272727
2026-09-17 20:15:08,356 INFO Average val loss_parent: 0.1431483995169401
2026-09-17 20:15:08,356 INFO Average val loss_leaf: 0.39960119320735843
2026-09-17 20:15:08,356 INFO Average val parent_acc: 94.54545454545455
2026-09-17 20:15:08,356 INFO Average val leaf_acc: 87.27272727272727
2026-09-17 20:15:08,356 INFO Average val consistency: 85.0
2026-09-17 20:15:08,356 INFO Average val local_known_acceptance: 90.45454545454545
2026-09-17 20:15:08,356 INFO ======
2026-09-17 20:15:08,356 INFO Best result: 91.81818181818181; epoch result: 87.27272727272727
2026-09-17 20:15:11,432 INFO ======
2026-09-17 20:15:29,743 INFO === train epoch 63 ===
2026-09-17 20:15:29,743 INFO Average train loss: 0.389663963355124
2026-09-17 20:15:29,743 INFO Average train acc: 98.6875
2026-09-17 20:15:29,743 INFO Average train loss_ndtl: 0.08443591660470702
2026-09-17 20:15:29,744 INFO Average train loss_ncl: 0.051729159078167865
2026-09-17 20:15:29,745 INFO Average train loss_cons: 0.0163577204640751
2026-09-17 20:15:29,745 INFO Average train loss_rank: 0.01002406483516097
2026-09-17 20:15:29,745 INFO Average train loss_child_known: 0.004378382302820683
2026-09-17 20:15:29,745 INFO Average train loss_child_novel: 0.00021833688020706177
2026-09-17 20:15:29,745 INFO Average train loss_pceg: 0.00018680835142731667
2026-09-17 20:15:29,745 INFO Average train rank_branch_count: 1.325
2026-09-17 20:15:29,745 INFO Average train loss_root: 0.006828867299482226
2026-09-17 20:15:29,745 INFO Average train loss_oe: 0.0
2026-09-17 20:15:29,745 INFO Average train loss_local_unknown: 0.04704019062015505
2026-09-17 20:15:29,745 INFO Average train loss_tax_contrast: 0.9049253836274147
2026-09-17 20:15:29,745 INFO Average train loss_sibling_boundary: 0.0
2026-09-17 20:15:29,745 INFO Average train sibling_boundary_pair_count: 0.0
2026-09-17 20:15:29,746 INFO Average train sibling_boundary_margin: 0
2026-09-17 20:15:29,746 INFO Average train root_known_score: 0.2988322016596794
2026-09-17 20:15:29,746 INFO Average train known_child_score: 0.32015575632452964
2026-09-17 20:15:29,746 INFO Average train pseudo_child_score: 0.21873254828155042
2026-09-17 20:15:29,746 INFO Average train pseudo_pceg: 0.09002426832914352
2026-09-17 20:15:29,746 INFO Average train local_known_margin: 7.726751010417939
2026-09-17 20:15:29,746 INFO Average train local_pseudo_margin: 7.714261319637298
2026-09-17 20:15:29,746 INFO Average train novelty_weight_scale: 1.0
2026-09-17 20:15:29,747 INFO Average train parent_acc: 98.625
2026-09-17 20:15:29,747 INFO Average train leaf_acc: 98.6875
2026-09-17 20:15:29,747 INFO Average train open_acc: 97.6875
2026-09-17 20:15:29,747 INFO Average train consistency: 97.4375
2026-09-17 20:15:29,747 INFO Average train pseudo_rate: 33.125
2026-09-17 20:15:29,747 INFO ======
2026-09-17 20:15:32,699 INFO === val epoch 63 ===
2026-09-17 20:15:32,699 INFO Average val loss: 0.4001512371723286
2026-09-17 20:15:32,699 INFO Average val acc: 88.18181818181819
2026-09-17 20:15:32,699 INFO Average val loss_parent: 0.14407101408578454
2026-09-17 20:15:32,699 INFO Average val loss_leaf: 0.3281157321275466
2026-09-17 20:15:32,700 INFO Average val parent_acc: 95.0
2026-09-17 20:15:32,700 INFO Average val leaf_acc: 88.18181818181819
2026-09-17 20:15:32,700 INFO Average val consistency: 85.0
2026-09-17 20:15:32,700 INFO Average val local_known_acceptance: 89.54545454545455
2026-09-17 20:15:32,700 INFO ======
2026-09-17 20:15:32,700 INFO Best result: 91.81818181818181; epoch result: 88.18181818181819
2026-09-17 20:15:35,319 INFO ======
2026-09-17 20:15:53,837 INFO === train epoch 64 ===
2026-09-17 20:15:53,837 INFO Average train loss: 0.3977411667257547
2026-09-17 20:15:53,838 INFO Average train acc: 98.375
2026-09-17 20:15:53,838 INFO Average train loss_ndtl: 0.07796456338925055
2026-09-17 20:15:53,838 INFO Average train loss_ncl: 0.04412474428849236
2026-09-17 20:15:53,838 INFO Average train loss_cons: 0.015878002677982294
2026-09-17 20:15:53,838 INFO Average train loss_rank: 0.0094026118516922
2026-09-17 20:15:53,839 INFO Average train loss_child_known: 0.0033886339142918586
2026-09-17 20:15:53,839 INFO Average train loss_child_novel: 0.0008504500240087509
2026-09-17 20:15:53,839 INFO Average train loss_pceg: 0.00047184543684124946
2026-09-17 20:15:53,839 INFO Average train rank_branch_count: 1.325
2026-09-17 20:15:53,839 INFO Average train loss_root: 0.005525986105203629
2026-09-17 20:15:53,839 INFO Average train loss_oe: 0.0
2026-09-17 20:15:53,839 INFO Average train loss_local_unknown: 0.043859912420093676
2026-09-17 20:15:53,839 INFO Average train loss_tax_contrast: 0.9918088436126709
2026-09-17 20:15:53,840 INFO Average train loss_sibling_boundary: 0.0
2026-09-17 20:15:53,840 INFO Average train sibling_boundary_pair_count: 0.0
2026-09-17 20:15:53,840 INFO Average train sibling_boundary_margin: 0
2026-09-17 20:15:53,840 INFO Average train root_known_score: 0.30139956846833227
2026-09-17 20:15:53,840 INFO Average train known_child_score: 0.32464552238583566
2026-09-17 20:15:53,840 INFO Average train pseudo_child_score: 0.218384778983891
2026-09-17 20:15:53,840 INFO Average train pseudo_pceg: 0.09184201663359999
2026-09-17 20:15:53,840 INFO Average train local_known_margin: 7.534747471809387
2026-09-17 20:15:53,840 INFO Average train local_pseudo_margin: 8.111282286643982
2026-09-17 20:15:53,840 INFO Average train novelty_weight_scale: 1.0
2026-09-17 20:15:53,841 INFO Average train parent_acc: 98.25
2026-09-17 20:15:53,841 INFO Average train leaf_acc: 98.375
2026-09-17 20:15:53,841 INFO Average train open_acc: 97.5625
2026-09-17 20:15:53,841 INFO Average train consistency: 97.1875
2026-09-17 20:15:53,841 INFO Average train pseudo_rate: 33.125
2026-09-17 20:15:53,841 INFO ======
2026-09-17 20:15:56,806 INFO === val epoch 64 ===
2026-09-17 20:15:56,806 INFO Average val loss: 0.6279150852658363
2026-09-17 20:15:56,806 INFO Average val acc: 85.0
2026-09-17 20:15:56,806 INFO Average val loss_parent: 0.1395900496154685
2026-09-17 20:15:56,807 INFO Average val loss_leaf: 0.5581200624673246
2026-09-17 20:15:56,807 INFO Average val parent_acc: 95.0
2026-09-17 20:15:56,807 INFO Average val leaf_acc: 85.0
2026-09-17 20:15:56,807 INFO Average val consistency: 82.72727272727273
2026-09-17 20:15:56,807 INFO Average val local_known_acceptance: 96.36363636363636
2026-09-17 20:15:56,807 INFO ======
2026-09-17 20:15:56,807 INFO Best result: 91.81818181818181; epoch result: 85.0
2026-09-17 20:16:00,030 INFO ======
2026-09-17 20:16:18,728 INFO === train epoch 65 ===
2026-09-17 20:16:18,728 INFO Average train loss: 0.49674424856901167
2026-09-17 20:16:18,728 INFO Average train acc: 97.0625
2026-09-17 20:16:18,729 INFO Average train loss_ndtl: 0.12303303424807382
2026-09-17 20:16:18,729 INFO Average train loss_ncl: 0.04404790580920235
2026-09-17 20:16:18,729 INFO Average train loss_cons: 0.02580977405517842
2026-09-17 20:16:18,729 INFO Average train loss_rank: 0.013726317510008811
2026-09-17 20:16:18,729 INFO Average train loss_child_known: 0.004957135459408164
2026-09-17 20:16:18,729 INFO Average train loss_child_novel: 0.0014133599400520324
2026-09-17 20:16:18,729 INFO Average train loss_pceg: 0.004423673897981643
2026-09-17 20:16:18,729 INFO Average train rank_branch_count: 1.3
2026-09-17 20:16:18,730 INFO Average train loss_root: 0.005561305927112698
2026-09-17 20:16:18,730 INFO Average train loss_oe: 0.0
2026-09-17 20:16:18,730 INFO Average train loss_local_unknown: 0.069232903904267
2026-09-17 20:16:18,730 INFO Average train loss_tax_contrast: 1.0929696422815323
2026-09-17 20:16:18,730 INFO Average train loss_sibling_boundary: 0.0
2026-09-17 20:16:18,730 INFO Average train sibling_boundary_pair_count: 0.0
2026-09-17 20:16:18,730 INFO Average train sibling_boundary_margin: 0
2026-09-17 20:16:18,730 INFO Average train root_known_score: 0.2976799917221069
2026-09-17 20:16:18,730 INFO Average train known_child_score: 0.32066166281700137
2026-09-17 20:16:18,730 INFO Average train pseudo_child_score: 0.22968296594917775
2026-09-17 20:16:18,731 INFO Average train pseudo_pceg: 0.061847452241927385
2026-09-17 20:16:18,731 INFO Average train local_known_margin: 7.3740839314460755
2026-09-17 20:16:18,731 INFO Average train local_pseudo_margin: 5.934287765026093
2026-09-17 20:16:18,731 INFO Average train novelty_weight_scale: 1.0
2026-09-17 20:16:18,731 INFO Average train parent_acc: 97.1875
2026-09-17 20:16:18,731 INFO Average train leaf_acc: 97.0625
2026-09-17 20:16:18,731 INFO Average train open_acc: 95.75
2026-09-17 20:16:18,731 INFO Average train consistency: 95.0625
2026-09-17 20:16:18,731 INFO Average train pseudo_rate: 32.5
2026-09-17 20:16:18,731 INFO ======
2026-09-17 20:16:21,683 INFO === val epoch 65 ===
2026-09-17 20:16:21,684 INFO Average val loss: 0.487214174546005
2026-09-17 20:16:21,684 INFO Average val acc: 89.54545454545455
2026-09-17 20:16:21,684 INFO Average val loss_parent: 0.1593631457907825
2026-09-17 20:16:21,684 INFO Average val loss_leaf: 0.40753259919464735
2026-09-17 20:16:21,684 INFO Average val parent_acc: 95.45454545454545
2026-09-17 20:16:21,684 INFO Average val leaf_acc: 89.54545454545455
2026-09-17 20:16:21,685 INFO Average val consistency: 87.72727272727273
2026-09-17 20:16:21,685 INFO Average val local_known_acceptance: 90.45454545454545
2026-09-17 20:16:21,685 INFO ======
2026-09-17 20:16:21,685 INFO Best result: 91.81818181818181; epoch result: 89.54545454545455
2026-09-17 20:16:24,083 INFO ======
2026-09-17 20:16:42,762 INFO === train epoch 66 ===
2026-09-17 20:16:42,763 INFO Average train loss: 0.3908068700879812
2026-09-17 20:16:42,763 INFO Average train acc: 98.25
2026-09-17 20:16:42,763 INFO Average train loss_ndtl: 0.08118506012746365
2026-09-17 20:16:42,763 INFO Average train loss_ncl: 0.0525136042565282
2026-09-17 20:16:42,763 INFO Average train loss_cons: 0.016079944902367062
2026-09-17 20:16:42,764 INFO Average train loss_rank: 0.012636777292937041
2026-09-17 20:16:42,764 INFO Average train loss_child_known: 0.004354268796741962
2026-09-17 20:16:42,764 INFO Average train loss_child_novel: 0.00129342220723629
2026-09-17 20:16:42,764 INFO Average train loss_pceg: 0.00014022997580468655
2026-09-17 20:16:42,764 INFO Average train rank_branch_count: 1.385
2026-09-17 20:16:42,764 INFO Average train loss_root: 0.004804202327504754
2026-09-17 20:16:42,764 INFO Average train loss_oe: 0.0
2026-09-17 20:16:42,764 INFO Average train loss_local_unknown: 0.04991482837037438
2026-09-17 20:16:42,765 INFO Average train loss_tax_contrast: 0.9064478611946106
2026-09-17 20:16:42,765 INFO Average train loss_sibling_boundary: 0.0
2026-09-17 20:16:42,765 INFO Average train sibling_boundary_pair_count: 0.0
2026-09-17 20:16:42,765 INFO Average train sibling_boundary_margin: 0
2026-09-17 20:16:42,765 INFO Average train root_known_score: 0.3055716866254807
2026-09-17 20:16:42,765 INFO Average train known_child_score: 0.3224150289595127
2026-09-17 20:16:42,765 INFO Average train pseudo_child_score: 0.2205528689175844
2026-09-17 20:16:42,765 INFO Average train pseudo_pceg: 0.09955094326287509
2026-09-17 20:16:42,765 INFO Average train local_known_margin: 7.784994953870774
2026-09-17 20:16:42,765 INFO Average train local_pseudo_margin: 8.307604112625121
2026-09-17 20:16:42,765 INFO Average train novelty_weight_scale: 1.0
2026-09-17 20:16:42,766 INFO Average train parent_acc: 98.3125
2026-09-17 20:16:42,766 INFO Average train leaf_acc: 98.25
2026-09-17 20:16:42,766 INFO Average train open_acc: 97.625
2026-09-17 20:16:42,766 INFO Average train consistency: 97.125
2026-09-17 20:16:42,766 INFO Average train pseudo_rate: 34.625
2026-09-17 20:16:42,766 INFO ======
2026-09-17 20:16:45,718 INFO === val epoch 66 ===
2026-09-17 20:16:45,718 INFO Average val loss: 0.5056705493268303
2026-09-17 20:16:45,718 INFO Average val acc: 88.18181818181819
2026-09-17 20:16:45,719 INFO Average val loss_parent: 0.174062659623186
2026-09-17 20:16:45,719 INFO Average val loss_leaf: 0.4186392181171951
2026-09-17 20:16:45,719 INFO Average val parent_acc: 93.63636363636364
2026-09-17 20:16:45,719 INFO Average val leaf_acc: 88.18181818181819
2026-09-17 20:16:45,719 INFO Average val consistency: 85.45454545454545
2026-09-17 20:16:45,719 INFO Average val local_known_acceptance: 98.18181818181819
2026-09-17 20:16:45,719 INFO ======
2026-09-17 20:16:45,719 INFO Best result: 91.81818181818181; epoch result: 88.18181818181819
2026-09-17 20:16:48,401 INFO ======
2026-09-17 20:17:07,382 INFO === train epoch 67 ===
2026-09-17 20:17:07,382 INFO Average train loss: 0.4272914469987154
2026-09-17 20:17:07,382 INFO Average train acc: 98.1875
2026-09-17 20:17:07,382 INFO Average train loss_ndtl: 0.08291462346503976
2026-09-17 20:17:07,382 INFO Average train loss_ncl: 0.03185886539933563
2026-09-17 20:17:07,383 INFO Average train loss_cons: 0.019657859695489607
2026-09-17 20:17:07,383 INFO Average train loss_rank: 0.00955156859010458
2026-09-17 20:17:07,383 INFO Average train loss_child_known: 0.0030202102568000553
2026-09-17 20:17:07,383 INFO Average train loss_child_novel: 0.00227657537907362
2026-09-17 20:17:07,383 INFO Average train loss_pceg: 0.0008174777682870626
2026-09-17 20:17:07,384 INFO Average train rank_branch_count: 1.345
2026-09-17 20:17:07,384 INFO Average train loss_root: 0.0037639543414115907
2026-09-17 20:17:07,384 INFO Average train loss_oe: 0.0
2026-09-17 20:17:07,384 INFO Average train loss_local_unknown: 0.04978863265641849
2026-09-17 20:17:07,384 INFO Average train loss_tax_contrast: 1.0877939343452454
2026-09-17 20:17:07,384 INFO Average train loss_sibling_boundary: 0.0
2026-09-17 20:17:07,384 INFO Average train sibling_boundary_pair_count: 0.0
2026-09-17 20:17:07,385 INFO Average train sibling_boundary_margin: 0
2026-09-17 20:17:07,385 INFO Average train root_known_score: 0.3063875585794449
2026-09-17 20:17:07,385 INFO Average train known_child_score: 0.3283051101863384
2026-09-17 20:17:07,385 INFO Average train pseudo_child_score: 0.22745908699929715
2026-09-17 20:17:07,385 INFO Average train pseudo_pceg: 0.0739879110082984
2026-09-17 20:17:07,385 INFO Average train local_known_margin: 7.270717513561249
2026-09-17 20:17:07,385 INFO Average train local_pseudo_margin: 6.610605068206787
2026-09-17 20:17:07,385 INFO Average train novelty_weight_scale: 1.0
2026-09-17 20:17:07,385 INFO Average train parent_acc: 98.0
2026-09-17 20:17:07,385 INFO Average train leaf_acc: 98.1875
2026-09-17 20:17:07,385 INFO Average train open_acc: 97.625
2026-09-17 20:17:07,385 INFO Average train consistency: 96.5625
2026-09-17 20:17:07,385 INFO Average train pseudo_rate: 33.625
2026-09-17 20:17:07,385 INFO ======
2026-09-17 20:17:10,338 INFO === val epoch 67 ===
2026-09-17 20:17:10,339 INFO Average val loss: 0.49039485715329645
2026-09-17 20:17:10,339 INFO Average val acc: 88.63636363636364
2026-09-17 20:17:10,339 INFO Average val loss_parent: 0.1787494678812271
2026-09-17 20:17:10,339 INFO Average val loss_leaf: 0.4010201211164134
2026-09-17 20:17:10,339 INFO Average val parent_acc: 95.9090909090909
2026-09-17 20:17:10,339 INFO Average val leaf_acc: 88.63636363636364
2026-09-17 20:17:10,339 INFO Average val consistency: 87.72727272727273
2026-09-17 20:17:10,339 INFO Average val local_known_acceptance: 91.81818181818181
2026-09-17 20:17:10,339 INFO ======
2026-09-17 20:17:10,339 INFO Best result: 91.81818181818181; epoch result: 88.63636363636364
2026-09-17 20:17:13,016 INFO ======
2026-09-17 20:17:31,540 INFO === train epoch 68 ===
2026-09-17 20:17:31,541 INFO Average train loss: 0.4193349025398493
2026-09-17 20:17:31,541 INFO Average train acc: 98.9375
2026-09-17 20:17:31,541 INFO Average train loss_ndtl: 0.08323623242060421
2026-09-17 20:17:31,541 INFO Average train loss_ncl: 0.026052991696778917
2026-09-17 20:17:31,541 INFO Average train loss_cons: 0.010534361377450523
2026-09-17 20:17:31,542 INFO Average train loss_rank: 0.011334723606705666
2026-09-17 20:17:31,542 INFO Average train loss_child_known: 0.0033168805297464133
2026-09-17 20:17:31,542 INFO Average train loss_child_novel: 0.0010400881990790367
2026-09-17 20:17:31,542 INFO Average train loss_pceg: 0.0008662357088178396
2026-09-17 20:17:31,543 INFO Average train rank_branch_count: 1.315
2026-09-17 20:17:31,543 INFO Average train loss_root: 0.004938439223915339
2026-09-17 20:17:31,543 INFO Average train loss_oe: 0.0
2026-09-17 20:17:31,543 INFO Average train loss_local_unknown: 0.05456491031483893
2026-09-17 20:17:31,543 INFO Average train loss_tax_contrast: 1.0504299128055572
2026-09-17 20:17:31,543 INFO Average train loss_sibling_boundary: 0.0
2026-09-17 20:17:31,543 INFO Average train sibling_boundary_pair_count: 0.0
2026-09-17 20:17:31,543 INFO Average train sibling_boundary_margin: 0
2026-09-17 20:17:31,543 INFO Average train root_known_score: 0.30299276784062384
2026-09-17 20:17:31,543 INFO Average train known_child_score: 0.32208099365234377
2026-09-17 20:17:31,543 INFO Average train pseudo_child_score: 0.22480716563761236
2026-09-17 20:17:31,543 INFO Average train pseudo_pceg: 0.08335071556270122
2026-09-17 20:17:31,543 INFO Average train local_known_margin: 7.485086646080017
2026-09-17 20:17:31,543 INFO Average train local_pseudo_margin: 7.178507606983185
2026-09-17 20:17:31,544 INFO Average train novelty_weight_scale: 1.0
2026-09-17 20:17:31,544 INFO Average train parent_acc: 99.375
2026-09-17 20:17:31,544 INFO Average train leaf_acc: 98.9375
2026-09-17 20:17:31,544 INFO Average train open_acc: 97.375
2026-09-17 20:17:31,544 INFO Average train consistency: 98.5
2026-09-17 20:17:31,544 INFO Average train pseudo_rate: 32.875
2026-09-17 20:17:31,544 INFO ======
2026-09-17 20:17:34,486 INFO === val epoch 68 ===
2026-09-17 20:17:34,486 INFO Average val loss: 0.3781012047611346
2026-09-17 20:17:34,487 INFO Average val acc: 90.45454545454545
2026-09-17 20:17:34,487 INFO Average val loss_parent: 0.12769469449360094
2026-09-17 20:17:34,488 INFO Average val loss_leaf: 0.3142538591116053
2026-09-17 20:17:34,488 INFO Average val parent_acc: 96.36363636363636
2026-09-17 20:17:34,488 INFO Average val leaf_acc: 90.45454545454545
2026-09-17 20:17:34,488 INFO Average val consistency: 89.0909090909091
2026-09-17 20:17:34,488 INFO Average val local_known_acceptance: 95.9090909090909
2026-09-17 20:17:34,488 INFO ======
2026-09-17 20:17:34,488 INFO Best result: 91.81818181818181; epoch result: 90.45454545454545
2026-09-17 20:17:37,306 INFO ======
2026-09-17 20:17:56,124 INFO === train epoch 69 ===
2026-09-17 20:17:56,124 INFO Average train loss: 0.4021313692256808
2026-09-17 20:17:56,124 INFO Average train acc: 98.5625
2026-09-17 20:17:56,124 INFO Average train loss_ndtl: 0.07495504214370158
2026-09-17 20:17:56,125 INFO Average train loss_ncl: 0.03835385116602993
2026-09-17 20:17:56,125 INFO Average train loss_cons: 0.01967330027016942
2026-09-17 20:17:56,125 INFO Average train loss_rank: 0.014298735316842795
2026-09-17 20:17:56,125 INFO Average train loss_child_known: 0.0038769923988729717
2026-09-17 20:17:56,125 INFO Average train loss_child_novel: 0.0011054327711462974
2026-09-17 20:17:56,125 INFO Average train loss_pceg: 0.00037525133229792117
2026-09-17 20:17:56,125 INFO Average train rank_branch_count: 1.29
2026-09-17 20:17:56,125 INFO Average train loss_root: 0.0062497323192656044
2026-09-17 20:17:56,125 INFO Average train loss_oe: 0.0
2026-09-17 20:17:56,126 INFO Average train loss_local_unknown: 0.04720848764905895
2026-09-17 20:17:56,126 INFO Average train loss_tax_contrast: 1.0119339406490326
2026-09-17 20:17:56,126 INFO Average train loss_sibling_boundary: 0.0
2026-09-17 20:17:56,126 INFO Average train sibling_boundary_pair_count: 0.0
2026-09-17 20:17:56,126 INFO Average train sibling_boundary_margin: 0
2026-09-17 20:17:56,126 INFO Average train root_known_score: 0.30304494351148603
2026-09-17 20:17:56,126 INFO Average train known_child_score: 0.3255475355684757
2026-09-17 20:17:56,126 INFO Average train pseudo_child_score: 0.22509574342519045
2026-09-17 20:17:56,126 INFO Average train pseudo_pceg: 0.07989737136289478
2026-09-17 20:17:56,126 INFO Average train local_known_margin: 8.317178323268891
2026-09-17 20:17:56,126 INFO Average train local_pseudo_margin: 6.832008423805237
2026-09-17 20:17:56,126 INFO Average train novelty_weight_scale: 1.0
2026-09-17 20:17:56,126 INFO Average train parent_acc: 98.5
2026-09-17 20:17:56,126 INFO Average train leaf_acc: 98.5625
2026-09-17 20:17:56,127 INFO Average train open_acc: 98.0625
2026-09-17 20:17:56,127 INFO Average train consistency: 97.1875
2026-09-17 20:17:56,127 INFO Average train pseudo_rate: 32.25
2026-09-17 20:17:56,127 INFO ======
2026-09-17 20:17:59,083 INFO === val epoch 69 ===
2026-09-17 20:17:59,083 INFO Average val loss: 0.5581097693267194
2026-09-17 20:17:59,084 INFO Average val acc: 86.36363636363636
2026-09-17 20:17:59,084 INFO Average val loss_parent: 0.1526980584995313
2026-09-17 20:17:59,084 INFO Average val loss_leaf: 0.4817607481646436
2026-09-17 20:17:59,085 INFO Average val parent_acc: 94.54545454545455
2026-09-17 20:17:59,085 INFO Average val leaf_acc: 86.36363636363636
2026-09-17 20:17:59,085 INFO Average val consistency: 83.18181818181819
2026-09-17 20:17:59,085 INFO Average val local_known_acceptance: 97.27272727272727
2026-09-17 20:17:59,085 INFO ======
2026-09-17 20:17:59,085 INFO Best result: 91.81818181818181; epoch result: 86.36363636363636
2026-09-17 20:18:02,106 INFO ======
2026-09-17 20:18:20,582 INFO === train epoch 70 ===
2026-09-17 20:18:20,583 INFO Average train loss: 0.48710403993725776
2026-09-17 20:18:20,583 INFO Average train acc: 97.625
2026-09-17 20:18:20,583 INFO Average train loss_ndtl: 0.12235725256148726
2026-09-17 20:18:20,583 INFO Average train loss_ncl: 0.04804706048576918
2026-09-17 20:18:20,584 INFO Average train loss_cons: 0.013920378287475615
2026-09-17 20:18:20,584 INFO Average train loss_rank: 0.013441341575235128
2026-09-17 20:18:20,584 INFO Average train loss_child_known: 0.0036312109604477883
2026-09-17 20:18:20,584 INFO Average train loss_child_novel: 0.0006964094564318657
2026-09-17 20:18:20,584 INFO Average train loss_pceg: 0.0012815880682319402
2026-09-17 20:18:20,584 INFO Average train rank_branch_count: 1.345
2026-09-17 20:18:20,585 INFO Average train loss_root: 0.004219588162377477
2026-09-17 20:18:20,585 INFO Average train loss_oe: 0.0
2026-09-17 20:18:20,585 INFO Average train loss_local_unknown: 0.07184123302013176
2026-09-17 20:18:20,585 INFO Average train loss_tax_contrast: 1.0492723563313484
2026-09-17 20:18:20,585 INFO Average train loss_sibling_boundary: 0.0
2026-09-17 20:18:20,585 INFO Average train sibling_boundary_pair_count: 0.0
2026-09-17 20:18:20,585 INFO Average train sibling_boundary_margin: 0
2026-09-17 20:18:20,585 INFO Average train root_known_score: 0.3037504653632641
2026-09-17 20:18:20,585 INFO Average train known_child_score: 0.3226248924434185
2026-09-17 20:18:20,585 INFO Average train pseudo_child_score: 0.22847520984709263
2026-09-17 20:18:20,586 INFO Average train pseudo_pceg: 0.07973506361246109
2026-09-17 20:18:20,586 INFO Average train local_known_margin: 7.522722225189209
2026-09-17 20:18:20,586 INFO Average train local_pseudo_margin: 6.681736199855805
2026-09-17 20:18:20,586 INFO Average train novelty_weight_scale: 1.0
2026-09-17 20:18:20,586 INFO Average train parent_acc: 98.6875
2026-09-17 20:18:20,586 INFO Average train leaf_acc: 97.625
2026-09-17 20:18:20,586 INFO Average train open_acc: 96.25
2026-09-17 20:18:20,586 INFO Average train consistency: 96.625
2026-09-17 20:18:20,586 INFO Average train pseudo_rate: 33.625
2026-09-17 20:18:20,586 INFO ======
2026-09-17 20:18:23,542 INFO === val epoch 70 ===
2026-09-17 20:18:23,542 INFO Average val loss: 0.4051938372579488
2026-09-17 20:18:23,542 INFO Average val acc: 88.63636363636364
2026-09-17 20:18:23,542 INFO Average val loss_parent: 0.15891728231852706
2026-09-17 20:18:23,542 INFO Average val loss_leaf: 0.325735196005553
2026-09-17 20:18:23,542 INFO Average val parent_acc: 94.09090936834161
2026-09-17 20:18:23,542 INFO Average val leaf_acc: 88.63636363636364
2026-09-17 20:18:23,542 INFO Average val consistency: 84.54545482288708
2026-09-17 20:18:23,543 INFO Average val local_known_acceptance: 94.0909090909091
2026-09-17 20:18:23,543 INFO ======
2026-09-17 20:18:23,543 INFO Best result: 91.81818181818181; epoch result: 88.63636363636364
2026-09-17 20:18:25,968 INFO ======
2026-09-17 20:18:44,536 INFO === train epoch 71 ===
2026-09-17 20:18:44,537 INFO Average train loss: 0.46251460000872613
2026-09-17 20:18:44,537 INFO Average train acc: 97.625
2026-09-17 20:18:44,538 INFO Average train loss_ndtl: 0.11301648814143846
2026-09-17 20:18:44,538 INFO Average train loss_ncl: 0.03724122819949116
2026-09-17 20:18:44,538 INFO Average train loss_cons: 0.021280047397995078
2026-09-17 20:18:44,538 INFO Average train loss_rank: 0.02179224830120802
2026-09-17 20:18:44,538 INFO Average train loss_child_known: 0.0056057883985340595
2026-09-17 20:18:44,538 INFO Average train loss_child_novel: 0.0042994349822402
2026-09-17 20:18:44,538 INFO Average train loss_pceg: 0.0017922614980489015
2026-09-17 20:18:44,539 INFO Average train rank_branch_count: 1.305
2026-09-17 20:18:44,539 INFO Average train loss_root: 0.0065108445845544335
2026-09-17 20:18:44,539 INFO Average train loss_oe: 0.0
2026-09-17 20:18:44,539 INFO Average train loss_local_unknown: 0.062411017793892826
2026-09-17 20:18:44,539 INFO Average train loss_tax_contrast: 1.02607797563076
2026-09-17 20:18:44,539 INFO Average train loss_sibling_boundary: 0.0
2026-09-17 20:18:44,539 INFO Average train sibling_boundary_pair_count: 0.0
2026-09-17 20:18:44,539 INFO Average train sibling_boundary_margin: 0
2026-09-17 20:18:44,539 INFO Average train root_known_score: 0.3007416360080242
2026-09-17 20:18:44,539 INFO Average train known_child_score: 0.31793790742754935
2026-09-17 20:18:44,540 INFO Average train pseudo_child_score: 0.23482512190937996
2026-09-17 20:18:44,540 INFO Average train pseudo_pceg: 0.07660716617479921
2026-09-17 20:18:44,540 INFO Average train local_known_margin: 7.897294933795929
2026-09-17 20:18:44,540 INFO Average train local_pseudo_margin: 7.140301609039307
2026-09-17 20:18:44,540 INFO Average train novelty_weight_scale: 1.0
2026-09-17 20:18:44,540 INFO Average train parent_acc: 98.0625
2026-09-17 20:18:44,540 INFO Average train leaf_acc: 97.625
2026-09-17 20:18:44,540 INFO Average train open_acc: 96.875
2026-09-17 20:18:44,540 INFO Average train consistency: 95.8125
2026-09-17 20:18:44,540 INFO Average train pseudo_rate: 32.625
2026-09-17 20:18:44,540 INFO ======
2026-09-17 20:18:47,491 INFO === val epoch 71 ===
2026-09-17 20:18:47,492 INFO Average val loss: 0.3998956320468675
2026-09-17 20:18:47,492 INFO Average val acc: 89.0909090909091
2026-09-17 20:18:47,492 INFO Average val loss_parent: 0.1944429318420589
2026-09-17 20:18:47,492 INFO Average val loss_leaf: 0.3026741705012021
2026-09-17 20:18:47,492 INFO Average val parent_acc: 93.63636363636364
2026-09-17 20:18:47,492 INFO Average val leaf_acc: 89.0909090909091
2026-09-17 20:18:47,492 INFO Average val consistency: 84.54545454545455
2026-09-17 20:18:47,492 INFO Average val local_known_acceptance: 77.27272727272727
2026-09-17 20:18:47,492 INFO ======
2026-09-17 20:18:47,492 INFO Best result: 91.81818181818181; epoch result: 89.0909090909091
2026-09-17 20:18:50,784 INFO ======
2026-09-17 20:19:09,327 INFO === train epoch 72 ===
2026-09-17 20:19:09,328 INFO Average train loss: 0.3266901594772935
2026-09-17 20:19:09,328 INFO Average train acc: 99.1875
2026-09-17 20:19:09,328 INFO Average train loss_ndtl: 0.05990093725238694
2026-09-17 20:19:09,328 INFO Average train loss_ncl: 0.03038974689996394
2026-09-17 20:19:09,328 INFO Average train loss_cons: 0.0152530281565123
2026-09-17 20:19:09,328 INFO Average train loss_rank: 0.01025312015786767
2026-09-17 20:19:09,328 INFO Average train loss_child_known: 0.00487520924769342
2026-09-17 20:19:09,328 INFO Average train loss_child_novel: 0.00044764801859855654
2026-09-17 20:19:09,329 INFO Average train loss_pceg: 0.0006534210313111544
2026-09-17 20:19:09,329 INFO Average train rank_branch_count: 1.375
2026-09-17 20:19:09,329 INFO Average train loss_root: 0.005272040469571948
2026-09-17 20:19:09,329 INFO Average train loss_oe: 0.0
2026-09-17 20:19:09,329 INFO Average train loss_local_unknown: 0.03518251787882036
2026-09-17 20:19:09,329 INFO Average train loss_tax_contrast: 0.8417072504758835
2026-09-17 20:19:09,329 INFO Average train loss_sibling_boundary: 0.0
2026-09-17 20:19:09,329 INFO Average train sibling_boundary_pair_count: 0.0
2026-09-17 20:19:09,329 INFO Average train sibling_boundary_margin: 0
2026-09-17 20:19:09,330 INFO Average train root_known_score: 0.3038517726957798
2026-09-17 20:19:09,330 INFO Average train known_child_score: 0.32015606880187986
2026-09-17 20:19:09,330 INFO Average train pseudo_child_score: 0.22100162025541067
2026-09-17 20:19:09,330 INFO Average train pseudo_pceg: 0.10011463314294815
2026-09-17 20:19:09,330 INFO Average train local_known_margin: 7.792446451187134
2026-09-17 20:19:09,330 INFO Average train local_pseudo_margin: 8.325156333446502
2026-09-17 20:19:09,330 INFO Average train novelty_weight_scale: 1.0
2026-09-17 20:19:09,330 INFO Average train parent_acc: 98.625
2026-09-17 20:19:09,330 INFO Average train leaf_acc: 99.1875
2026-09-17 20:19:09,330 INFO Average train open_acc: 98.3125
2026-09-17 20:19:09,330 INFO Average train consistency: 98.0
2026-09-17 20:19:09,330 INFO Average train pseudo_rate: 34.375
2026-09-17 20:19:09,330 INFO ======
2026-09-17 20:19:12,292 INFO === val epoch 72 ===
2026-09-17 20:19:12,293 INFO Average val loss: 0.38703041544014755
2026-09-17 20:19:12,293 INFO Average val acc: 90.45454545454545
2026-09-17 20:19:12,294 INFO Average val loss_parent: 0.1706384545022791
2026-09-17 20:19:12,294 INFO Average val loss_leaf: 0.3017111932520162
2026-09-17 20:19:12,294 INFO Average val parent_acc: 94.0909090909091
2026-09-17 20:19:12,294 INFO Average val leaf_acc: 90.45454545454545
2026-09-17 20:19:12,294 INFO Average val consistency: 86.36363636363636
2026-09-17 20:19:12,294 INFO Average val local_known_acceptance: 98.63636363636364
2026-09-17 20:19:12,294 INFO ======
2026-09-17 20:19:12,295 INFO Best result: 91.81818181818181; epoch result: 90.45454545454545
2026-09-17 20:19:15,340 INFO ======
2026-09-17 20:19:34,140 INFO === train epoch 73 ===
2026-09-17 20:19:34,141 INFO Average train loss: 0.3864107001200318
2026-09-17 20:19:34,141 INFO Average train acc: 98.1875
2026-09-17 20:19:34,142 INFO Average train loss_ndtl: 0.07772873437701491
2026-09-17 20:19:34,142 INFO Average train loss_ncl: 0.028707865824035252
2026-09-17 20:19:34,142 INFO Average train loss_cons: 0.012275532032836054
2026-09-17 20:19:34,142 INFO Average train loss_rank: 0.007550315167754888
2026-09-17 20:19:34,142 INFO Average train loss_child_known: 0.002767321728169918
2026-09-17 20:19:34,142 INFO Average train loss_child_novel: 0.0006114957109093666
2026-09-17 20:19:34,142 INFO Average train loss_pceg: 0.0014772425778210162
2026-09-17 20:19:34,142 INFO Average train rank_branch_count: 1.35
2026-09-17 20:19:34,143 INFO Average train loss_root: 0.003809971921145916
2026-09-17 20:19:34,143 INFO Average train loss_oe: 0.0
2026-09-17 20:19:34,143 INFO Average train loss_local_unknown: 0.045293221700430875
2026-09-17 20:19:34,143 INFO Average train loss_tax_contrast: 0.9771190217137337
2026-09-17 20:19:34,143 INFO Average train loss_sibling_boundary: 0.0
2026-09-17 20:19:34,143 INFO Average train sibling_boundary_pair_count: 0.0
2026-09-17 20:19:34,143 INFO Average train sibling_boundary_margin: 0
2026-09-17 20:19:34,143 INFO Average train root_known_score: 0.30907751590013505
2026-09-17 20:19:34,143 INFO Average train known_child_score: 0.33385429620742796
2026-09-17 20:19:34,143 INFO Average train pseudo_child_score: 0.22154841609299183
2026-09-17 20:19:34,143 INFO Average train pseudo_pceg: 0.0801534173078835
2026-09-17 20:19:34,143 INFO Average train local_known_margin: 7.838972277641297
2026-09-17 20:19:34,143 INFO Average train local_pseudo_margin: 7.134929029941559
2026-09-17 20:19:34,143 INFO Average train novelty_weight_scale: 1.0
2026-09-17 20:19:34,144 INFO Average train parent_acc: 98.9375
2026-09-17 20:19:34,144 INFO Average train leaf_acc: 98.1875
2026-09-17 20:19:34,144 INFO Average train open_acc: 97.5625
2026-09-17 20:19:34,144 INFO Average train consistency: 97.375
2026-09-17 20:19:34,144 INFO Average train pseudo_rate: 33.75
2026-09-17 20:19:34,144 INFO ======
2026-09-17 20:19:37,109 INFO === val epoch 73 ===
2026-09-17 20:19:37,109 INFO Average val loss: 0.42649108703163535
2026-09-17 20:19:37,110 INFO Average val acc: 91.81818181818181
2026-09-17 20:19:37,110 INFO Average val loss_parent: 0.14192966007712213
2026-09-17 20:19:37,110 INFO Average val loss_leaf: 0.3555262566713447
2026-09-17 20:19:37,110 INFO Average val parent_acc: 95.45454545454545
2026-09-17 20:19:37,110 INFO Average val leaf_acc: 91.81818181818181
2026-09-17 20:19:37,110 INFO Average val consistency: 88.63636363636364
2026-09-17 20:19:37,110 INFO Average val local_known_acceptance: 93.63636363636364
2026-09-17 20:19:37,110 INFO ======
2026-09-17 20:19:37,111 INFO Best result: 91.81818181818181; epoch result: 91.81818181818181
2026-09-17 20:19:39,997 INFO ======
2026-09-17 20:19:58,920 INFO === train epoch 74 ===
2026-09-17 20:19:58,920 INFO Average train loss: 0.3907194697111845
2026-09-17 20:19:58,920 INFO Average train acc: 97.375
2026-09-17 20:19:58,921 INFO Average train loss_ndtl: 0.08305855983344372
2026-09-17 20:19:58,921 INFO Average train loss_ncl: 0.03204676700712298
2026-09-17 20:19:58,922 INFO Average train loss_cons: 0.01832670412542939
2026-09-17 20:19:58,922 INFO Average train loss_rank: 0.00918744269758463
2026-09-17 20:19:58,922 INFO Average train loss_child_known: 0.0040295006055384875
2026-09-17 20:19:58,922 INFO Average train loss_child_novel: 0.001405465267598629
2026-09-17 20:19:58,922 INFO Average train loss_pceg: 0.0020251574460417032
2026-09-17 20:19:58,922 INFO Average train rank_branch_count: 1.305
2026-09-17 20:19:58,922 INFO Average train loss_root: 0.006064602164551616
2026-09-17 20:19:58,923 INFO Average train loss_oe: 0.0
2026-09-17 20:19:58,923 INFO Average train loss_local_unknown: 0.054848941243317316
2026-09-17 20:19:58,923 INFO Average train loss_tax_contrast: 0.9197416841983795
2026-09-17 20:19:58,923 INFO Average train loss_sibling_boundary: 0.0
2026-09-17 20:19:58,923 INFO Average train sibling_boundary_pair_count: 0.0
2026-09-17 20:19:58,923 INFO Average train sibling_boundary_margin: 0
2026-09-17 20:19:58,923 INFO Average train root_known_score: 0.30024904683232306
2026-09-17 20:19:58,923 INFO Average train known_child_score: 0.3239353485405445
2026-09-17 20:19:58,923 INFO Average train pseudo_child_score: 0.21708627987653017
2026-09-17 20:19:58,923 INFO Average train pseudo_pceg: 0.09132012682035566
2026-09-17 20:19:58,923 INFO Average train local_known_margin: 7.793343658447266
2026-09-17 20:19:58,923 INFO Average train local_pseudo_margin: 8.043134188652038
2026-09-17 20:19:58,923 INFO Average train novelty_weight_scale: 1.0
2026-09-17 20:19:58,923 INFO Average train parent_acc: 98.3125
2026-09-17 20:19:58,924 INFO Average train leaf_acc: 97.375
2026-09-17 20:19:58,924 INFO Average train open_acc: 97.3125
2026-09-17 20:19:58,924 INFO Average train consistency: 95.8125
2026-09-17 20:19:58,924 INFO Average train pseudo_rate: 32.625
2026-09-17 20:19:58,924 INFO ======
2026-09-17 20:20:01,871 INFO === val epoch 74 ===
2026-09-17 20:20:01,871 INFO Average val loss: 0.6103448645296422
2026-09-17 20:20:01,871 INFO Average val acc: 85.45454545454545
2026-09-17 20:20:01,872 INFO Average val loss_parent: 0.30755671636963433
2026-09-17 20:20:01,873 INFO Average val loss_leaf: 0.45656649487262424
2026-09-17 20:20:01,873 INFO Average val parent_acc: 89.54545454545455
2026-09-17 20:20:01,873 INFO Average val leaf_acc: 85.45454545454545
2026-09-17 20:20:01,873 INFO Average val consistency: 79.0909090909091
2026-09-17 20:20:01,873 INFO Average val local_known_acceptance: 91.81818181818181
2026-09-17 20:20:01,873 INFO ======
2026-09-17 20:20:01,873 INFO Best result: 91.81818181818181; epoch result: 85.45454545454545
2026-09-17 20:20:04,835 INFO ======
2026-09-17 20:20:23,308 INFO === train epoch 75 ===
2026-09-17 20:20:23,308 INFO Average train loss: 0.3731471192091703
2026-09-17 20:20:23,309 INFO Average train acc: 99.25
2026-09-17 20:20:23,309 INFO Average train loss_ndtl: 0.0705874514725292
2026-09-17 20:20:23,309 INFO Average train loss_ncl: 0.029374976893304847
2026-09-17 20:20:23,309 INFO Average train loss_cons: 0.013023382596384182
2026-09-17 20:20:23,309 INFO Average train loss_rank: 0.010552670732140541
2026-09-17 20:20:23,309 INFO Average train loss_child_known: 0.003905348200351
2026-09-17 20:20:23,310 INFO Average train loss_child_novel: 0.0009229648858308792
2026-09-17 20:20:23,310 INFO Average train loss_pceg: 0.000961774131283164
2026-09-17 20:20:23,310 INFO Average train rank_branch_count: 1.32
2026-09-17 20:20:23,310 INFO Average train loss_root: 0.006288815326988697
2026-09-17 20:20:23,310 INFO Average train loss_oe: 0.0
2026-09-17 20:20:23,310 INFO Average train loss_local_unknown: 0.04605541049115345
2026-09-17 20:20:23,310 INFO Average train loss_tax_contrast: 0.942296508550644
2026-09-17 20:20:23,310 INFO Average train loss_sibling_boundary: 0.0
2026-09-17 20:20:23,310 INFO Average train sibling_boundary_pair_count: 0.0
2026-09-17 20:20:23,310 INFO Average train sibling_boundary_margin: 0
2026-09-17 20:20:23,310 INFO Average train root_known_score: 0.30042405590415
2026-09-17 20:20:23,311 INFO Average train known_child_score: 0.32592957019805907
2026-09-17 20:20:23,311 INFO Average train pseudo_child_score: 0.21992772839963437
2026-09-17 20:20:23,311 INFO Average train pseudo_pceg: 0.08068773495033384
2026-09-17 20:20:23,311 INFO Average train local_known_margin: 7.494727326631546
2026-09-17 20:20:23,311 INFO Average train local_pseudo_margin: 6.785830380916596
2026-09-17 20:20:23,311 INFO Average train novelty_weight_scale: 1.0
2026-09-17 20:20:23,311 INFO Average train parent_acc: 98.8125
2026-09-17 20:20:23,311 INFO Average train leaf_acc: 99.25
2026-09-17 20:20:23,311 INFO Average train open_acc: 98.4375
2026-09-17 20:20:23,311 INFO Average train consistency: 98.1875
2026-09-17 20:20:23,311 INFO Average train pseudo_rate: 33.0
2026-09-17 20:20:23,311 INFO ======
2026-09-17 20:20:26,268 INFO === val epoch 75 ===
2026-09-17 20:20:26,269 INFO Average val loss: 0.5067438859450207
2026-09-17 20:20:26,269 INFO Average val acc: 89.54545454545455
2026-09-17 20:20:26,269 INFO Average val loss_parent: 0.18063117219135166
2026-09-17 20:20:26,269 INFO Average val loss_leaf: 0.41642830523831603
2026-09-17 20:20:26,269 INFO Average val parent_acc: 94.54545454545455
2026-09-17 20:20:26,269 INFO Average val leaf_acc: 89.54545454545455
2026-09-17 20:20:26,269 INFO Average val consistency: 86.36363636363636
2026-09-17 20:20:26,269 INFO Average val local_known_acceptance: 98.63636363636364
2026-09-17 20:20:26,269 INFO ======
2026-09-17 20:20:26,269 INFO Best result: 91.81818181818181; epoch result: 89.54545454545455
2026-09-17 20:20:29,378 INFO ======
2026-09-17 20:20:48,024 INFO === train epoch 76 ===
2026-09-17 20:20:48,024 INFO Average train loss: 0.45754265535622834
2026-09-17 20:20:48,025 INFO Average train acc: 97.125
2026-09-17 20:20:48,025 INFO Average train loss_ndtl: 0.10448865389698767
2026-09-17 20:20:48,025 INFO Average train loss_ncl: 0.04507549591631687
2026-09-17 20:20:48,025 INFO Average train loss_cons: 0.015267704636053168
2026-09-17 20:20:48,026 INFO Average train loss_rank: 0.01029797935858369
2026-09-17 20:20:48,026 INFO Average train loss_child_known: 0.003562691677361727
2026-09-17 20:20:48,026 INFO Average train loss_child_novel: 0.0018995247781276702
2026-09-17 20:20:48,026 INFO Average train loss_pceg: 0.0020205477345734833
2026-09-17 20:20:48,026 INFO Average train rank_branch_count: 1.285
2026-09-17 20:20:48,026 INFO Average train loss_root: 0.005112880077213049
2026-09-17 20:20:48,026 INFO Average train loss_oe: 0.0
2026-09-17 20:20:48,026 INFO Average train loss_local_unknown: 0.06750836968383737
2026-09-17 20:20:48,026 INFO Average train loss_tax_contrast: 1.0246956059336663
2026-09-17 20:20:48,026 INFO Average train loss_sibling_boundary: 0.0
2026-09-17 20:20:48,027 INFO Average train sibling_boundary_pair_count: 0.0
2026-09-17 20:20:48,027 INFO Average train sibling_boundary_margin: 0
2026-09-17 20:20:48,027 INFO Average train root_known_score: 0.3023357072472572
2026-09-17 20:20:48,027 INFO Average train known_child_score: 0.32541434958577153
2026-09-17 20:20:48,027 INFO Average train pseudo_child_score: 0.22374569848179818
2026-09-17 20:20:48,027 INFO Average train pseudo_pceg: 0.08621212707832455
2026-09-17 20:20:48,027 INFO Average train local_known_margin: 7.418831853866577
2026-09-17 20:20:48,027 INFO Average train local_pseudo_margin: 7.974143033027649
2026-09-17 20:20:48,027 INFO Average train novelty_weight_scale: 1.0
2026-09-17 20:20:48,027 INFO Average train parent_acc: 98.5625
2026-09-17 20:20:48,027 INFO Average train leaf_acc: 97.125
2026-09-17 20:20:48,027 INFO Average train open_acc: 96.625
2026-09-17 20:20:48,027 INFO Average train consistency: 96.0625
2026-09-17 20:20:48,027 INFO Average train pseudo_rate: 32.125
2026-09-17 20:20:48,027 INFO ======
2026-09-17 20:20:50,980 INFO === val epoch 76 ===
2026-09-17 20:20:50,980 INFO Average val loss: 0.5224327202674679
2026-09-17 20:20:50,981 INFO Average val acc: 87.27272727272727
2026-09-17 20:20:50,981 INFO Average val loss_parent: 0.14892690674116074
2026-09-17 20:20:50,981 INFO Average val loss_leaf: 0.44796926034296947
2026-09-17 20:20:50,982 INFO Average val parent_acc: 94.0909090909091
2026-09-17 20:20:50,982 INFO Average val leaf_acc: 87.27272727272727
2026-09-17 20:20:50,982 INFO Average val consistency: 84.0909090909091
2026-09-17 20:20:50,982 INFO Average val local_known_acceptance: 96.81818181818181
2026-09-17 20:20:50,982 INFO ======
2026-09-17 20:20:50,982 INFO Best result: 91.81818181818181; epoch result: 87.27272727272727
2026-09-17 20:20:53,698 INFO ======
2026-09-17 20:20:53,699 INFO Early stopping at epoch 77: no val_known improvement for 30 evaluations; best epoch was 47 with score 91.8182.
2026-09-17 20:20:53,699 INFO Loading best checkpoint: runs/Zooplankton_TaxoSafe_v9_rebuild/maple/ViT-B_16/full/TaxoSafe-v9-rebuild/trial_1/ckpt/best.pth
2026-09-17 20:20:53,820 INFO Training finished; best epoch=47 and val_known leaf accuracy=91.8182. best.pth was reloaded. No Near-Unknown, Global-OOD, or locked test split was used for checkpoint selection. Run post-training calibration only after this checkpoint is frozen.
